ticker,dollar_volume,exodus_ratio,volatility,final_drop_pct,death_date
YHOO,45063476686.75753,8.811417131857322,0.0012214290251539577,0.07497378538972387,2017-06
TWTR,33422622907.54755,0.9985046737536302,0.0019267565250260456,0.003146400148065921,2022-10
CELG,32288024095.71543,14.119599706354256,0.0005279396774263547,0.018834080717488738,2019-11
ALXN,25989224704.4497,18.843247223606074,0.00058682431766523,0.026595744680851064,2021-07
LEH,21648480929.851723,5.643034637775481,0.019624382847623103,0.9930773391022174,2008-09
RAI,17432484958.93559,12.00199424955846,0.00037623045761250206,0.020898641588296636,2017-07
KSU,16483232690.029379,19.616823494786598,0.0007778795063409172,0.028973044484868687,2021-12
PCLN,15696387877.2773,1.0415498956343203,0.0014297201983734448,0.01155136909917993,2018-02
TWX,15066662373.74178,9.909836170812357,0.000738336727459191,0.011903590752582469,2018-06
XLNX,14996932050.346668,2.8755057112354905,0.002159473973860384,0.15529010238907842,2022-02
ABMD,14925519325.74879,8.408476347503912,0.0001669356076585733,0.0019108446980602607,2022-12
AET,14574741466.601068,2.8343107617192502,0.00048761585534355244,0.0005151018496839787,2018-11
CMX,13479631864.119438,2.193814186383826,0.0012706469862692608,0.0009189768724154123,2007-03
BRCM,12508181095.10542,1.5454906528985923,0.0008651063233780971,0.049374130737134966,2016-01
SIVB,11072903736.849365,30.952471832605198,0.009847766776938244,0.8636253504551591,2023-03
MXIM,10860286811.904902,4.520212790847702,0.0013386785108017378,0.03358553238604909,2021-08
KMP,10635989333.752153,4.122230367872153,0.0007786133479325572,0.0020317337461299703,2014-11
BLS,10370342666.316988,0.8353278265024598,0.0006809844188935932,0.004184100418409953,2006-12
COV,9855789168.181389,1.878272460147995,0.00094955850611519,0.008014001473839393,2015-01
WAG,9590848911.94551,1.193165434201422,0.0009562000467995819,0.024624855713736075,2014-12
ESRX,9575214318.985447,3.2625947466448904,0.0010428946622108887,0.09081081081081076,2018-12
BNI,9078325121.373901,0.7149295654937957,0.00029407774685761293,0.0020910086627502532,2010-02
SGEN,8956035575.556068,8.86442525206313,0.0005594197189004226,4.3675751223005444e-05,2023-12
XTO,8150904701.779042,0.768264797265342,0.0009128547224106566,0.07800175284837867,2010-06
FD,8086469265.15484,1.4372320755514034,0.001199037593827378,0.10969899665551842,2007-05
GGP,7895328521.735152,9.225301945136252,0.000527248286304363,0.007859869750729876,2018-08
HET,7857331108.994094,1.8784255132919203,0.0005616847919489694,0.0002222469163239918,2008-01
ABC,7629190186.23248,0.4189309092068846,0.000751775242052636,0.07398641695822197,2023-08
YNDX,7545441261.036981,10.14250581025978,0.007088128466804139,0.724533185431688,2022-02
MER,7479677903.5827675,0.577237307306858,0.0033876953791703046,0.2352941176470589,2008-12
AGN,7146063101.043398,2.3349632278647667,0.0007278233387667122,0.01369723509343652,2020-05
WORK,6765596319.142977,6.297284596305315,0.0006212210469847106,0.00569800569800581,2021-07
APC,6682656095.471061,4.394973260697358,0.00035727071229178374,0.02399463806970499,2019-08
VIAC,6666197570.305373,3.387096322688405,0.0019006760725063959,0.1947311243889191,2022-02
GENZ,6645704175.972383,0.21209643639189282,0.00015483846055198264,0.0019615535504120007,2011-04
PCP,6629417889.401709,2.2816809274769003,0.00020208182650027518,4.2553191489323e-05,2016-01
COL,6590531614.590767,4.292313661980537,0.0009464262766089175,0.0057354689795061425,2018-11
BBL,6553850013.73693,2.818793672946615,0.0009523997763717265,0.07489177489177486,2022-01
IMMU,6538378518.12093,2.2864852579934642,0.0002998764593734281,0.0002274795268425389,2020-10
SPRT,6304739570.318108,1.2066213723438033,0.006063450219304212,0.6602722772277227,2021-09
DATA,6294001472.497232,1.9475342608436081,0.000665142828164654,0.04721392754521379,2019-07
LTR,6223750006.176257,0.5617798087794073,0.0010587268348596405,0.04074074074074067,2008-06
JAH,6055793160.535347,4.335373772065686,0.0005503035681245535,0.018952618453865346,2016-04
ZNGA,5989221880.070863,4.81833148130624,0.0016640417067447346,0.056101792943898145,2022-05
HTA,5755688732.759427,5.1166761064811075,0.002957290587097875,0.03630363036303635,2022-07
ABX,5566009587.698434,1.0846008694812306,0.001419323449954407,0.03916083916083919,2018-12
ATVI,5543447557.322922,1.5871215063481727,0.00022196203966320366,0.0005285971032878439,2023-10
CHNG,5542774535.308791,7.28019067056748,0.0007776790827174571,0.002174700978615394,2022-09
FDC,5335677779.2799635,3.7506386832388845,0.000857672851589939,0.012670256572695552,2019-07
MSCC,5291115367.033661,2.4731465153050314,0.0006088970943229851,0.008935005043954525,2018-05
SPLK,5259466452.237819,3.5339404286692178,0.0001197297096660755,0.00031853220360585695,2024-03
FISV,5202094427.327087,8.058689703497977,0.0007480841325168072,0.011893475825217577,2023-06
ASN,5176237647.116354,2.185154470908567,0.0003136802705387538,0.0,2007-10
HDS,5082581501.596774,3.0623314909253128,0.00046452240311105027,0.015135515663498758,2020-12
VIA.B,5009186975.977896,0.9652535265831931,0.001251756133826337,0.029277813923227095,2011-11
CERN,4981512219.32799,9.215763802177701,8.193194804706091e-05,0.0004210969575743978,2022-06
BCR,4950421521.182371,3.3370349703173297,0.0003090509695912859,0.017055043970035207,2017-12
SWY,4905986603.941815,16.16042418603307,0.0002843197193764649,0.010129431626336506,2015-01
DPS,4835588003.040154,3.0976232114895152,0.00040851483137016646,0.004905508644953756,2018-07
HRS,4824272819.500957,1.5933853780010798,0.0007203998778809301,0.059309866825090436,2019-06
LVLT,4807396063.54385,1.401698744658071,0.0006824153564648323,0.03762766529295827,2017-10
LK,4791325907.93875,0.45162303852665153,0.00813127545361694,0.7915407854984895,2020-06
HZNP,4765978130.958318,8.944266912150482,0.00017639697025761635,0.0005154639175257927,2023-10
WYN,4740092655.195565,2.4149691173229346,0.0008074558823188919,0.056797425415325745,2018-05
NXY,4719349218.159993,2.336592996630351,0.0006182536598753035,0.0003636363636364205,2013-02
LO,4702270780.623085,4.017639210424572,0.00027973128469965027,0.01501584240253483,2015-06
HOT,4674889276.5843315,10.741637153563468,0.0005661481205115312,0.013098754334146786,2016-09
ITMN,4637940103.008524,0.980547942133209,0.00011335032573576177,0.00020274379941880879,2014-09
PXP,4594678364.890763,1.277865599961589,0.0008940755371316334,0.006492189085007107,2013-05
GGC,4454652075.381585,4.000376971311115,0.0018917319940854576,0.0060461707585195736,2013-01
BRL,4407593798.305146,3.082780390876131,0.00273574083294055,0.01782001782001786,2008-12
FBF,4385145508.429014,1.2100501743399157,0.0008318968933899713,0.020719738276990248,2004-03
CMCSK,4321894862.472559,0.449139422052296,0.02607320039034959,0.6890000000000001,2003-12
PCS,4303027050.587424,3.0050054616638366,0.0015156991571392076,0.01371001246364777,2013-04
GDT,4261616887.8107595,1.8544198617735959,0.0004872180528566329,0.006819590824550668,2006-04
ACE,4199594257.037286,2.9370517616172194,0.0009544739699458953,0.033460471567267676,2016-01
CLR,4102697886.352056,0.9078876811908501,0.00019659506285062156,0.007881378573336942,2022-11
MMP,4092405141.381456,7.997936760375616,0.0007818287665021524,0.012449914138523045,2023-09
ERI,4054094541.0160184,2.145072257299179,0.0028244015472074914,0.12124016658954193,2020-07
RFMD,3989634218.4606886,1.7272768527088675,0.0024302800980756274,0.04239256678281071,2014-12
PDE,3936731112.036276,5.20207722371518,0.0008301531592436452,0.07197827071072883,2011-05
MLNX,3921978307.0226803,0.984378372056682,0.0005524478356088941,0.00032005120819336095,2020-04
TXU,3893469024.136386,1.7908967916722662,0.00018250278176335842,0.0,2007-10
SJI,3891240608.404858,2.870159232481925,0.0002431697630464642,0.0008303349017437347,2023-01
CBST,3848130548.382181,1.9900622076802574,0.00022385068968217099,9.804882831641244e-05,2015-01
IMGN,3832788156.0343165,6.6468939660346535,0.0010236846373648544,0.00032000000000005,2024-02
MNTA,3821053773.2690673,0.5728944280132957,0.00014372869676543954,0.0,2020-09
VER,3819514644.226071,4.6038772935155885,0.0005939309563049301,0.04360243716679372,2021-10
IDTI,3678428955.026668,4.359754386199482,0.00038815876660068673,0.0006118702834999212,2019-03
MJN,3555535342.179173,2.999154873621618,7.82571181638558e-05,0.0,2017-06
CTXS,3520104001.7526574,3.4995212155084063,0.00028061088491319826,0.0004808617041738522,2022-09
DRE,3470980662.5464187,2.884085717100832,0.001166753323957957,0.21423942977482577,2022-09
VNTV,3458936865.526055,2.1999276833294235,0.0015057444016055475,0.027568922305764448,2018-01
ACL,3454732413.4243617,2.6616066654183164,0.000455978668916942,0.008787346221441126,2011-04
BEAS,3406451225.6530023,2.0033649623591674,0.00045839836233196884,0.0,2008-04
HSH,3377699258.809969,3.792795979201922,0.00046070448974385917,0.00015873015873012715,2014-08
HOC,3370901749.288894,4.192137524756268,0.0016089543470088673,0.014747995418098526,2011-06
ZEN,3330622743.0271506,2.7689264338306203,0.00038806792307389556,0.0005160624435557509,2022-11
HCN,3314781086.8192043,1.0187572083786673,0.0011752731770089204,0.13086747387626474,2018-02
SGP,3313024250.059692,3.682744172687529,0.00071656126056779,0.014355742296918774,2009-11
OCR,3260004142.32227,2.7031951111935695,0.00017550806225501874,0.00030621618862918383,2015-08
KRB,3202872751.5197906,1.3640753201321294,0.0008010509633373454,0.019848430169613882,2005-12
CTRX,3178845517.438978,1.6743116623372056,0.00015207182583160873,0.0,2015-07
CONE,3177054486.7535563,0.8214598664688264,0.00014105124071077095,0.0004418912947414057,2022-03
CBE,3151967217.465401,2.0611314131325327,0.0010513189627735426,0.01715287341930643,2012-11
IPHI,3149743363.002999,2.521178052059147,0.0007272186352029386,0.0760963491034781,2021-04
EMLX,3103624306.66864,0.9846102364086361,0.0034115944852055333,0.21794081381011088,2002-06
MOGN,3102070460.9299765,1.3121106835710976,31.92302359260282,0.9995879,2008-01
CY,3092584966.9485874,1.9579200284050342,0.0009397301458684427,0.00041928721174010745,2020-04
SCG,3084859351.2767296,2.7015556978084305,0.0012980951765597202,0.06701836654943337,2018-12
CSC,3083436591.3727756,3.7195359902254155,0.0010826209162560446,0.07424749163879595,2017-03
XEC,3057803075.5109386,3.131710925013791,0.0015219579984379324,0.05593422049118253,2021-09
PCYC,3043839874.7777996,1.9251606023289185,0.00034069746788628006,0.0014525993883791875,2015-05
FON,3020509786.4052806,2.2226289785324065,0.001219629921375034,0.0480524208227157,2005-08
LYO,2996645504.278367,4.7946918693748195,0.000309815613941561,0.00041675349031054646,2007-12
LLTC,2996307139.0781164,9.31487398695809,0.00021114392376130764,0.00564626888448046,2017-03
CEPH,2952338423.0605783,0.7080211288173063,0.0001587330084836978,0.00024539877300608614,2011-10
PLAN,2950948072.316894,1.453061301177474,0.0005394798181896983,0.03174844295913712,2022-06
PF,2937588969.391171,3.8433202062757874,0.00042324434052617814,0.01674322121795815,2018-10
WBC,2897518443.726151,2.228209936589654,0.00023282404763434568,0.00014652014652022147,2020-05
TECD,2828452179.2659326,3.0299574026962,0.0006445549763964669,0.0002070250500310616,2020-06
WR,2814163497.1359553,18.900538114936047,0.0009733781065971785,0.05097001763668431,2018-06
TCF,2789502165.297,38.462397584272026,0.0007851769696274318,0.06681790059806149,2021-06
WSH,2788567813.820322,25.396527091892228,0.001650628071940799,0.05016380016380022,2016-01
TSS,2758164263.8715196,3.288196467375321,0.0010195171005748568,0.06908912004498181,2019-09
PXD,2747817989.051894,1.3816847617243235,0.0009129370625042654,0.008452153461708111,2024-05
WPZ,2738493261.666526,15.586693560971284,0.0010424126204398696,0.012486992715920799,2018-08
NPSP,2690764619.630957,1.3744545248494995,0.0001305228369950411,0.00021739130434778284,2015-02
BMS,2679133223.9503603,5.071420207765887,0.0010268265850370479,0.025004252423881594,2019-06
TSO,2673793252.3460402,0.6869985772481182,0.0006446319744558547,0.0021054742330057527,2017-07
CFN,2638296255.7539163,4.652858540948064,0.00016586420494161432,0.007782745487663501,2015-03
ZMH,2619835869.0011377,1.942565020078028,0.0005180435831208781,0.014150533900512158,2015-06
ARG,2539703872.9837985,4.349379173391293,9.055148290933973e-05,0.00027970072022929897,2016-05
PCZ,2524072357.978597,0.8083700704421415,0.001729780080487078,0.050057405281285876,2009-07
STAY,2520987062.8786345,1.6795505411553004,0.0010493125614673621,0.0019512195121950803,2021-06
PBCT,2514666986.8743224,14.087842397103698,0.0013046014016585275,0.0390123456790123,2022-04
PNRA,2512338501.368474,1.507124457891991,4.191474217371316e-05,0.00015874023747543134,2017-07
NUVA,2506093876.9772825,12.572428497642026,0.0015214405430603703,0.0430713857228553,2023-08
COH,2503572597.9983616,0.8648374286524512,0.0008748545224715912,0.02682926829268296,2017-10
DYAX,2473741921.326485,5.5147676022969705,0.0009320078217807349,0.046616541353383445,2016-01
GDW,2461885715.219819,1.7489515602615073,0.00039049242248453004,0.0037400051586278854,2006-09
WCG,2461329439.2339506,3.0125790238456256,0.0006884773187635269,0.0,2020-01
CAB,2455907285.1057925,0.513755198357826,0.0010917944454281877,0.0,2017-09
BFT,2453729331.1157393,1.0189233863442098,0.003100789396148761,0.1063335270191749,2021-03
RMG,2438790571.2474236,2.2691358877104273,0.005595888932980977,0.28841309823677586,2020-12
BRCD,2433802573.3527527,0.5618655788176427,0.0009466775750609953,0.0035335689045936343,2017-11
BBT,2407480386.8928084,6.7216943945630065,0.0006470142287645694,0.012715712988192475,2019-12
MLNM,2400290535.2589517,0.3507752689130808,0.00026768634478649444,0.0012000000000000454,2008-05
MDC,2333559210.382004,1.9143808756123182,0.00033835976871730156,0.01593750000000005,2024-04
LDG,2319880921.0590634,1.8858737657684495,0.0010976942080604339,0.05895512567443072,2008-10
CDWC,2292756137.8393683,0.9047834668573537,0.00047724489918465847,0.00011397310234774226,2007-10
CXO,2290398251.400697,5.579041766541379,0.0014661920881439117,0.06928865540252746,2021-01
IMNX,2277275580.4340405,5.5834527149999715,0.004847373862635127,0.2113289760348583,2002-07
UTX,2272456621.199535,1.300491209414067,0.002606852519800494,0.0812399786210582,2020-04
SIAL,2253734400.2338743,3.613650139862572,8.617827690261529e-05,7.143877696807334e-05,2015-11
TQNT,2252296021.849007,1.81070911021513,0.0014592476520710427,0.040823447313328744,2014-12
AOC,2208317967.598437,0.5413803071342331,0.0008077156956796127,0.05513539887777519,2009-11
FTO,2205159208.060385,1.973641717226166,0.0015539692347020274,0.014894250819183795,2011-06
AOL,2197929757.799013,2.142193768213341,0.00014604179117763376,0.003983270264887529,2015-06
FLT,2193133058.221673,0.8298047364054955,0.0009791946310329456,0.019242585944827105,2024-03
SRC,2191733530.497966,14.254482097564063,0.0007312953897257571,0.07312252964426874,2024-01
STA,2190043528.4913206,0.7616752120345331,0.00038344145718306375,0.020918178452425072,2007-02
CVD,2166483864.6066313,5.968128265824821,0.0002588912065974788,0.007172799254774067,2015-02
TRB,2165757337.3013926,2.827997114905301,0.0015471918278541442,0.000882352941176504,2007-12
WPI,2161663730.9305773,0.5976578034959791,0.0006776291291082008,0.029215264409466632,2013-01
MBFI,2154811250.691023,6.659298541679558,0.0007197690187011925,0.10240202275600505,2019-03
SNE,2146464060.2519538,0.8846082727926187,0.0010174710949789002,0.023309379030772074,2021-03
AYR,2135298264.2297866,2.1741224333097717,0.0017191316217712602,0.0012480499219968534,2020-03
STMP,2134038003.1235163,10.874514968488722,5.046607011456661e-05,0.0006668485344488717,2021-10
UVN,2128625531.1051807,2.0728545042652495,0.00022498213739787266,0.00027586206896546234,2007-03
DIDI,2119294504.436997,1.9743689881258,0.008409098858610381,0.2564102564102565,2022-06
GG,2116950515.7289958,1.4866793874959514,0.0008530858155626202,0.05080440304826415,2019-04
UN,2087211748.6951828,1.4622911502159217,0.0007501381455579579,0.045289569196780774,2020-11
BJS,2043924933.5377984,2.032030719717741,0.001126243415781746,0.05503465144720756,2010-04
MYL,2041070413.4471273,2.2829030088446682,0.0019259912290746977,0.01734820322180924,2020-11
CHL,2040855751.515728,0.5588850650402847,0.003703932883752604,0.110600590744995,2021-01
HNZ,2022307573.2258382,2.8760471406976045,6.724159686608282e-05,0.00013793103448282918,2013-06
LSI,2018337841.0134668,7.250253744885863,0.0011575660691838367,0.05143667967364314,2023-07
NOI,2014154498.4933174,4.847471501598,0.0013413825456445204,0.02013693113169553,2005-03
IDPH,1999221948.3955436,2.427639128289034,0.0022815663108944465,0.032412626832018,2003-11
LHO,1994868980.2335918,2.3752146176215243,0.0008384074359310483,0.0748709122203098,2018-11
ACC,1989400855.2135506,4.389543951048916,7.549243709946645e-05,0.00015276504735702576,2022-08
MDSO,1987150764.233766,2.4271535098660166,0.00014415505949680704,0.00010838933448954168,2019-10
IMCL,1979079347.5213256,0.8960429513809586,0.00022377314736862547,0.0008565310492505678,2008-11
RP,1973940647.2982004,4.154100920392152,0.00017617758021342775,0.0,2021-04
CNW,1969319630.6177623,0.9501436927086618,0.0001574952820545913,0.003151260504201651,2015-10
P,1958776457.028305,2.942496583708644,0.0015951813787242945,0.0674033149171272,2019-01
ARNA,1950720096.468606,5.376569475941804,0.00071496856335191,0.00039988003598926574,2022-03
SXL,1934364721.752991,4.409920881216966,0.0006940503055180256,0.029149797570850157,2017-04
LTD,1934343455.0570507,0.7639632218695819,0.0007744817861597836,0.01642073401437772,2013-11
ETE,1930681065.6626413,1.4006262573375106,0.0010023154536471846,0.06912696226934742,2018-10
AUY,1922703516.6887333,1.8755646652875613,0.0013751171267389482,0.031561461794019856,2023-03
ERTS,1902196935.7054353,1.1529333263001953,0.0013740971998227446,0.16435477091214798,2011-12
ITC,1901401583.9362352,17.375569132414846,0.0004814112923966029,0.013356311934511084,2016-10
NUAN,1892296510.9045181,4.871590282453567,0.00021233524100953524,0.0,2022-03
DISC.A,1889838194.4489267,2.638657009692109,0.001900594902438013,0.06061189147585143,2022-04
HCBK,1885822239.252723,1.473024990545543,0.0009861541013662693,0.026948989412897126,2015-10
MRTX,1883532093.8027735,9.681035499739673,0.0004481034734112894,0.0059819698373914714,2024-01
TRW,1875066893.213383,5.572538382736586,0.00010211117617969927,0.0,2015-05
AIMC,1871655887.2303598,1.7741568775380139,0.00030720201016577617,0.0,2023-03
MICC,1865532380.852117,2.0884888741242063,0.0011091019053014147,0.01581769436997328,2011-05
POT,1859963211.6116521,0.9139939425789753,0.000909302667365731,0.029591357444809726,2017-12
HPY,1856846364.1015942,10.92842983540658,0.0006848037507695522,0.02104761904761899,2016-04
NFX,1848949269.712367,5.936685434482421,0.0015286533002587688,0.09338313767342583,2019-02
AMB,1833021200.2878156,30.175023102614993,0.0009741676159194742,0.07935222672064772,2011-06
SBE,1828368398.280025,1.5945275337255327,0.0037926731863615715,0.27906976744186046,2021-02
LM,1819664190.268367,2.501499367713647,0.0004179744693370987,0.018453082057322295,2020-07
GWR,1815993902.3251095,3.0531744444722175,0.0001976814235191182,0.00044654818254887164,2019-12
SNI,1806093577.7175534,5.428992786329881,0.000710891126067933,0.018579234972677626,2018-03
PCU,1805268427.8445396,0.9913798567535019,0.0020349988854836973,0.005388272583201322,2010-02
DRC,1804330351.2413268,3.5900566208991176,0.00037099128925588274,0.00011735711770908233,2015-06
ATH,1788360287.717,1.3721293117983338,0.001297817496018647,0.03732809430255407,2021-12
FMI,1787997935.0234282,1.571748007190385,0.00015080373691180905,0.000364963503649718,2018-07
PRXL,1774873815.4403765,2.5861235949032584,0.0001853419096940139,0.0,2017-09
ACF,1765142481.932531,1.68015688438904,0.00032151112762848245,0.00040816326530618627,2010-09
ASD,1763266329.7873461,0.9526736223079485,0.0012790303599759846,0.10206185567010294,2007-11
WCRX,1760693014.5767221,2.3006379960111505,0.0008675120600617819,0.027245636441038616,2013-09
RTN,1750153412.576183,2.208048284197482,0.0038287187030587185,0.10030769230769236,2020-04
GR,1746688685.8187609,2.29894014432938,7.510037936156245e-05,7.843752451165508e-05,2012-07
TIBX,1735817283.6728704,9.13380733213245,0.0001874557400344913,0.002905770029057712,2014-12
ETP,1729848180.0391731,2.200187164465589,0.0009703609165641647,0.07794432548179872,2018-10
CIT,1722247950.8526583,18.104013553675582,0.0016750699415846327,0.009204712812960236,2022-01
UBB,1702366795.1964526,1.1534820628486528,0.001923053828934836,0.08493427704752278,2009-03
RX,1700058133.3564541,0.6309953487191671,0.0003727071798990889,0.0004547521600726699,2010-02
CAA,1670830651.462536,4.536454847444722,0.001571805384823722,0.067603160667252,2018-02
CVC,1667036845.398174,2.5734614976013463,0.00017003480543144808,0.0002866150759529381,2016-06
TYC,1664159798.7627027,14.769355533465871,0.0006630921351930756,0.012814943527367426,2016-09
WWY,1660946389.4652283,3.0866908717400254,0.00017143578549715877,0.00024996875390588964,2008-10
GDI,1644551879.9077425,2.9722586321919002,0.0017796960234334365,0.15944629582158418,2020-02
BVF,1636387906.5775807,1.9293062544158324,0.0013266439290065318,0.0544733044733044,2010-09
EGN,1625983171.5329487,1.7496173104356665,0.0018212168499420307,0.05530074695321712,2018-11
PDCE,1613724364.8177207,8.676417732202632,0.0006848928085962056,0.019299405155320658,2023-08
CBS,1607478494.3719199,7.484085710683668,0.0009790752211780648,0.019152501795547144,2019-12
PHLY,1596867257.9846585,3.3143965729391693,0.0008430515301630183,0.000814332247556957,2008-11
TMX,1589925338.44202,9.07953269900467,0.0012904033803811021,0.08294818778885908,2022-10
ARIA,1589271021.592994,0.7105282989189816,0.00019671093784339662,0.00041684035014581124,2017-02
GAS,1583983534.8815,2.997833733862944,0.00015471910700380688,0.0009084027252082101,2016-06
HSP,1578486742.8521273,7.636711525915382,6.0244253471335116e-05,0.0004444444444445139,2015-09
OKS,1575781380.0151703,1.9718705463633055,0.0009359287571359124,0.009401957933507791,2017-06
TCO,1565540079.3823497,1.3964274500075373,0.00013529994415591778,0.0008132915069128986,2020-12
PETM,1563572823.9739413,4.559434338568345,8.804749931817325e-05,0.000120481927710905,2015-03
APE,1560688199.0731952,6.317495438541276,0.004865318639526725,0.4041666666666667,2023-08
RAH,1552125307.1075733,2.022977555959667,9.124766210284242e-05,0.00011111111111116796,2013-01
ALPN,1548094936.5831559,0.9751814325796094,0.00022294556194851688,0.00015384615384623256,2024-05
Q,1540486115.982261,1.541611981727964,0.0007942635861148262,0.06563008497559215,2017-11
CBG,1534905715.0053794,1.027869679495151,0.0007001051457140697,0.019481865284974045,2018-03
FLIR,1531127171.7905195,3.5821002976916856,0.0006600764385469798,0.046473029045643106,2021-05
BRKB,1527145966.7476103,1.0435110821046754,0.0005856082985906497,0.018934599156118163,2017-11
ERF,1527035362.8942788,4.004308431583317,0.0007388825055254006,0.027589545014520826,2024-05
CYTC,1523932951.4237614,1.5609482139132724,0.0012810501666339266,0.035741590214067226,2007-10
LHCG,1510461517.6892228,2.2495392105611622,0.0007308273232531538,0.004046920821114356,2023-02
MVL,1509084815.5211203,1.0615655289164232,0.00041185683171937387,0.0,2009-12
MDCO,1487095836.29754,5.592456798191666,6.77895955043732e-05,0.0008237232289951446,2020-01
BMC,1481298545.960493,6.853749989182783,0.00015414705028186853,0.00021579628830395155,2013-09
BKI,1477524468.0470126,23.89866466035989,0.0001622013137320962,0.001449657353716387,2023-09
ALA,1468427175.8118207,2.8692055170929565,0.0015196146032203685,0.05571428571428567,2006-11
CPE,1468094721.9399068,6.000575035806676,0.0010911691088009877,0.007454445057978908,2024-03
RHT,1459936507.6516669,0.8015533034731492,0.0002656501710957044,0.0,2019-07
ECA,1457835853.2314785,1.7170512681720258,0.002026014218736933,0.24400000000000005,2020-01
AMSG,1454527423.9137807,21.942604738508166,0.0016597133755833105,0.03310974739546159,2016-12
AEL,1453796271.1574867,12.60745918906285,0.0004733302249105868,0.0021227666725633213,2024-05
CMCS.K,1431460464.757477,1.9102910818737875,0.0007091511196059878,0.06371280724450201,2015-12
STL,1428396418.0465395,4.126301126088233,0.0013883515695278788,0.12529156947684109,2022-01
PSB,1425852880.8817654,6.179423354601531,0.00011464651315628587,0.0013315579227696406,2022-07
BLUD,1421698013.361835,1.635698311867108,0.0009760039068299068,0.0,2011-08
NDE,1418894924.0220094,1.3726097710196474,0.0021653387844119405,0.08915662650602423,2007-04
WFR,1416178910.1567013,1.783675019100156,0.0026567478822990195,0.0532544378698224,2013-05
BRKS,1394695560.8751824,1.4575749271349558,0.001751303225527935,0.09251384096926905,2021-11
FBC,1380181820.6431699,1.5917605171498856,0.0015867474974776297,0.08097560975609756,2022-11
JNS,1377338445.2978134,4.082241545539324,0.0009423237795315432,0.04324324324324328,2017-05
WLL,1375306621.5741668,2.2073702219840006,0.0026135411757419445,0.33162964419107527,2022-06
MENT,1370751326.4306595,0.5360198415930072,0.00014834853871443075,0.00040241448692154445,2017-03
YELL,1368597625.3666124,0.13005975046888776,0.014403923132855337,0.7745302713987474,2023-08
NCC,1346706993.8669906,1.0770126770479922,0.005358446595041444,0.16742081447963797,2008-12
HPC,1339717112.9292164,4.295803515226181,0.002711927059913044,0.0009925558312654877,2008-11
ISIL,1321347776.4330997,2.118682386253091,0.00038713792447355616,0.0006665185514330401,2017-02
FNFG,1313817826.551991,11.12421347635324,0.0010416736186737892,0.02583732057416264,2016-07
BGEN,1307858304.01871,2.190259277597645,0.0019228157457215817,0.03411042944785277,2003-11
DWTI,1302278037.9501421,0.5568195576324673,0.0030341263985931527,0.11144418973725975,2016-12
PCL,1297944199.8693917,4.2316140441397465,0.0011381889818770584,0.11908763505402163,2016-02
KRI,1296557068.7222052,2.3927610552862606,0.0005384008809209493,0.04122722914669221,2006-06
CTL,1286669324.3754277,0.86999997101121,0.0011919419407417186,0.019607843137254957,2020-09
TIF,1282409944.5127103,3.5282900627258185,0.0002278685320354784,0.0,2021-01
HNT,1281113101.3176959,1.8713975963611613,0.0008206289767175292,0.015944997074312513,2016-03
BXS,1275439566.668934,6.888244225914318,0.0011096322945323832,0.06630365150544523,2021-10
HMSY,1273708458.593768,2.674896790272297,0.00025741226727216403,0.008047210300429299,2021-03
OAK,1271449766.9708576,0.8128568629063253,0.0005338292780674251,0.0439784746706253,2019-09
LUK,1265441986.7424695,0.45439316665138507,0.0006165171433516634,0.057429718875502,2018-05
CAM,1262174113.6416664,7.31704125836528,0.0007043593973809951,0.008091099790230628,2016-04
WFMI,1260421194.5502224,1.209522048551042,0.0021151662276007797,0.06361520558572539,2011-05
PKI,1250855526.365612,2.3464718120166435,0.0016662322922915986,0.13052663346914137,2023-05
VIAB,1247390173.1160066,16.00496986833189,0.0010659092222595461,0.008032128514056196,2019-12
MWE,1242852671.3795383,1.2675798609602689,0.0026231401736119746,0.14629667414813294,2015-12
PE,1242850453.0120173,3.416812992710618,0.0018558691605849663,0.0335454019664545,2021-01
BLL,1235116152.871527,2.5410509438000934,0.0015531263595543814,0.164984378755107,2022-05
HMT,1224500439.896962,2.835945355067171,0.0006816134474657,0.0640467289719626,2006-04
TXI,1224345736.914391,13.23719629663453,0.0008218839449027353,0.028977815518522344,2014-07
SUSQ,1215699008.1150825,6.000631022456566,0.000581002506524734,0.0280246069719754,2015-07
PVN,1215528707.9319036,0.5204225888810039,0.0008268334192097187,0.06958947368421046,2005-09
ELN,1214548058.6714852,3.0788256658953905,0.0006178653704082958,0.004945054945054937,2013-12
CNQR,1213344564.1151228,6.800943868746231,8.668906164530477e-05,7.751937984489073e-05,2014-12
IM,1211520148.7536798,1.0412474513171255,0.0006190943026634304,0.0,2016-12
SOV,1204624931.7053113,8.014433829800797,0.004396818261701009,0.20512820512820515,2009-01
TRA,1202029444.7931573,0.7654028914468806,0.0003180590506448643,0.005434782608695652,2010-04
AGP,1201465223.0090396,4.066719722966247,0.00030472993810250307,0.008193186718413164,2012-12
THI,1197557068.7892962,0.8926004089274555,0.0006498476328792902,0.00795939554735261,2014-12
NWAC,1194885483.8397486,4.592794467203227,0.0143363503851955,0.8210735586481113,2005-09
HME,1191798333.62625,9.14410702647971,0.00015871526362821244,0.0002657454158917118,2015-10
EEP,1191701495.1934052,5.491193676708129,0.0011603167870886915,0.0661340434975589,2018-12
ORBK,1191430727.4882936,10.252484382603859,0.0009691349524202687,0.0052750565184626124,2019-02
AAWW,1188748207.9885995,1.334885470387295,0.0008670472027695012,0.0,2023-03
CZN,1182521093.7753193,0.583022618423555,0.0013716776117569693,0.04497138184791502,2008-07
SYNH,1167316974.5206213,2.320659055593368,0.00018224814657922747,0.00046522447080723714,2023-09
PFCB,1166666749.0839128,1.3068871698609916,0.0002815794035893854,0.0005825242718446822,2012-06
FLA,1157174052.0390232,3.229205681418203,0.0032882239400768513,0.2734883720930233,2007-07
VSEA,1155443671.5217347,2.9676991852724415,0.00020555248511114384,0.00015873015873012715,2011-11
FBHS,1153744480.309991,1.4891495235523944,0.0016947286212565295,0.0704309956449918,2022-12
FOCS,1148339153.09451,8.43853004888801,0.0003023293259626939,0.0015080113100847936,2023-08
IKN,1147181842.3036056,2.097855336019844,0.0010218239403127934,0.002317497103128777,2008-10
SOTR,1140879969.9013486,1.3000198025729142,0.000674928521861547,0.008659981768459493,2004-10
Y,1132401934.246351,3.575321476263693,0.00035554146219869345,0.0014252061248528109,2022-10
CLE,1113878289.837098,2.741865513201795,0.00021888470124247755,0.0006060606060607008,2007-05
OSIP,1113366286.3287208,0.9775356294286207,0.0001947200621375719,0.006222990492653404,2010-06
WRC,1113167831.6169646,12.04769658022296,0.00032603689927525667,0.00808407437348416,2013-02
ABCO,1104556049.1931233,1.4476960521369884,0.00044590128249775204,0.0023169601482854493,2017-11
ABB,1093110304.8937197,1.9806022408963586,0.0005850343534144879,0.015894039735099376,2023-05
TNB,1087237756.5285425,1.2681042631514812,0.00011057877195032514,0.002494111126506953,2012-05
ICO,1086952997.0740848,1.2253236428581356,0.00031550836115467267,0.0006844626967830108,2011-06
ESV,1077620438.3575132,1.0242335643825136,0.0022608829969834217,0.16069600818833166,2019-07
SEP,1068937175.4745141,14.542198038068506,0.0013195210023456234,0.05574819951987205,2018-12
AVP,1065529408.4036903,14.064781052487591,0.0020545914421802747,0.024513947590870746,2020-01
PIC,1060276237.6243132,1.2767043055634906,0.004437897169746236,0.06185567010309275,2020-12
AFFX,1058021540.7213386,9.179175008233635,0.003627969510951241,0.14625228519195616,2016-03
GYMB,1057696052.2930549,1.1509399067911341,0.0001908063353655197,0.0006115272894051681,2010-11
CBI,1056842773.5891886,0.595001357292012,0.0023407470251013366,0.04787077826725391,2018-05
BOL,1052236801.6338716,1.2081154450786828,0.00022297620036418613,0.0003076923076922465,2007-10
VMW,1051053567.278455,1.8850565990572778,0.0031999031917972352,0.24736842105263157,2023-11
PVTB,1048805715.104945,2.014768655151838,0.00034804636115079527,0.0035994764397905576,2017-06
PNT,1047077371.1457729,2.9677916242652738,0.0016952157726499374,0.13793103448275862,2023-12
ARQL,1044722182.7183925,0.8679075559197849,0.00021813069419278472,0.0034895314057826663,2020-01
SWHC,1035834598.0122973,0.39858337092180907,0.0016892833154013873,0.12142561127227516,2016-12
KFT,1035268744.1322197,1.530944183598349,0.0007307390953689913,0.003279456547200763,2012-10
ETFC,1034361109.4037149,11.131070235870444,0.0012699379715020314,0.043223156659495415,2020-10
AYE,1033876396.0610871,1.5288937604340065,0.0009055916710853025,0.09110867178924253,2011-02
VPI,1028885881.8486642,2.4481214865685956,0.0007762946256313827,0.003008524151763325,2006-01
CYBS,1028651760.6642424,0.9659434548198039,0.000252062191296826,0.0,2010-07
ISIS,1023528577.2295166,1.0742300106628229,0.0018647786979374492,0.09413798522709417,2015-12
SHAW,1020264950.3023518,10.047092140930292,0.0005277418694248468,0.01832406835495163,2013-02
FDO,1005032489.123805,12.17674536602652,0.00033588912938555703,0.004250531316414417,2015-07
HDI,1003236898.8193465,1.0300168222977324,0.0006517530742537163,0.028965517241379305,2006-08
VAR,1000333097.5155699,0.7054815637107431,9.509427246544718e-05,0.0006759801712483357,2021-04
SPLS,999134817.1454066,1.4886968801414717,0.00024881440620257644,0.00048756704046814056,2017-09
DLM,998296722.2657318,4.343900335514298,0.00023402542726624483,0.0015772870662461166,2011-03
SPW,998057628.798846,2.9994523414916725,0.001245642345906874,0.14537597234226454,2015-09
ANDW,997287138.2127837,2.821118430517083,0.0004691165343992981,0.0019946808510637876,2007-12
IVX,994586334.5038246,1.9112513935930424,0.004385336169437907,0.1845574387947269,2006-01
ISEE,992618530.0318782,3.3691701741410607,0.000310519144364046,0.0007505629221916722,2023-07
AEOS,990314489.1652355,2.74602158479186,0.002156414612633481,0.07516129032258059,2007-03
PING,987794508.4501662,3.248307647019384,0.0002600989640272664,0.0,2022-10
ILG,986858265.606078,2.736744712159561,0.0005851640791833922,0.03792134831460678,2018-08
PGTI,979329904.7084492,2.8338691280213175,0.00016245074267075271,0.0014265335235378572,2024-03
VRX,977944469.371567,1.6883113521078403,0.001284879486810401,0.04223042230422309,2018-07
TWTC,974437100.3095367,2.286955549118103,0.0013204320423825908,0.026178010471204157,2014-10
CDK,970478782.4812934,50.81299407742559,0.00014842667704045392,0.0010936930368210403,2022-07
BEZ,965163083.5938156,0.657172045113335,0.0003590848618704798,0.019308001235711972,2011-01
HWP,963894669.663015,0.8789803049950806,0.0017713327784227323,0.014689265536723051,2002-05
APTS,962346028.3794466,1.6296153808939762,0.00022807208327211957,0.0,2022-06
TPTX,961791987.988026,2.6176281585150964,0.0002777413405170931,0.00026312327325365384,2022-08
LXK,961027966.8039805,4.382815409277827,0.00039252842291771024,0.0,2016-11
MGI,960757414.8975505,0.2755824533792444,0.0018197490057943562,0.0009090909090908897,2023-05
GHDX,952800824.7536433,23.951709626712336,0.0010858522996516028,0.06845107503290927,2019-11
GMCR,942900008.5784007,5.125393677332889,0.0002584562701141871,0.0030451332245785877,2016-03
ABV,939481799.0677775,6.074707766794798,0.0018374155811548586,0.01691331923890065,2013-11
PACW,938529213.0582615,3.5309729264451333,0.00205264264529858,0.09952606635071089,2023-11
CSJ,928305408.0212905,0.39440349403561414,6.698024800211792e-05,0.00048188126445654746,2018-07
AIRM,927766037.6296728,0.6244882216752847,0.00039307611487570613,0.005205320994794712,2017-04
PHRM,923757359.9634353,3.080537172624995,0.0007463133094504042,0.001927843569264673,2008-03
FSL,923459077.2788616,11.683686279807517,0.0009867069289324197,0.07246009627565238,2015-12
LFG,922611816.6101015,1.9131097220103144,0.00019902044955863988,0.0038314176245211272,2022-12
HS,911842280.0244749,1.575216061745694,0.00017247828079564812,0.0003635702599526635,2012-01
CEFT,910709671.7766237,2.338987734222797,0.0029972010332160277,0.042866282789507354,2002-11
GTK,910003424.9918367,1.9095305550563295,0.00034180046016916527,0.0,2006-08
ERICY,906062951.8271213,0.7485999635925696,0.0015755570463734454,0.013377926421404793,2003-12
OMG,902568098.4922643,6.02433642676358,0.0009893794228670952,0.0022055580061756458,2015-10
ONEM,898231694.6385102,1.3166206720851892,0.0017137359742310499,0.005555555555555635,2023-02
FRK,896524173.6885792,2.603188350839938,0.002534203810997756,0.1438356164383561,2007-11
GTRC,896103888.8730853,0.9872852530756916,0.0005600612314730569,0.0001588057805303797,2007-10
DISH,896089590.9646646,2.052788639483236,0.002865180300074848,0.0377833753148614,2023-12
UMPQ,893472366.4015207,4.685114417611652,0.0009541480796479713,0.10278481012658233,2023-02
KS,892920522.916213,57.223691255026715,0.00017572471445465956,0.001711840228245226,2018-11
LNCE,892124521.1516875,2.7940195841164623,0.00014633639135185758,0.0011990407673861366,2018-03
SVVS,891942266.025633,5.342760502011095,0.00021070803008612333,0.0075301204819278175,2011-07
SCH,888951913.7400353,1.5042738343114654,0.0011889980029877278,0.06911857958148382,2005-12
SCSS,886649080.0475832,1.4072779385264036,0.0021672195012761093,0.05933429811866852,2017-10
AUXL,886146585.0093054,1.5575272842412127,0.0011480694889021196,0.04026315789473687,2015-01
EQM,883111685.3913287,14.092813217232862,0.003452631419930476,0.09591326105087576,2020-06
AQNT,875126726.3534154,1.2105091995962818,0.000147655619984254,0.0,2007-08
HAR,874823073.2286928,1.7472219996575122,0.00013849674661563742,0.00026788106080901096,2017-03
FSR,867228011.9880677,1.0334615727808025,0.00881415134465782,0.8453448275862069,2024-03
MCFE,858224320.7109308,3.0643668009327483,0.0003003721628843973,0.000576812151509347,2022-02
RBN,849374857.8495342,1.6764299351503493,0.0003741322341441938,0.0001666666666666335,2013-02
APCC,847356030.5189432,1.7938316023440009,0.00032640492353740185,0.0,2007-02
BLU,847000811.451826,2.5903279973542412,0.00029215395802625134,0.0006779661016949008,2023-06
RSX,846206974.2372587,0.6200708156239685,0.007916389927340957,0.4390715667311412,2022-03
SAFM,845376802.9098306,1.6360309157383266,0.0015208471343767071,0.06353286816011754,2022-07
DISC.K,841391847.546522,2.1991549966076507,0.0016908385383229041,0.05932203389830505,2022-04
CYNO,840589391.470164,1.1972508061791345,0.0002759283653874392,0.0022624434389138985,2017-03
APY,832315699.0714884,1.7827426047164872,0.0032207723079828734,0.007707129094412337,2020-06
NFB,831856697.3065768,1.772955883829116,0.0005941620697501922,0.018492672714584827,2006-11
WWE,827415542.652169,0.96719337366038,0.0018036893866423239,0.04705548191630372,2023-09
CHFC,825756786.1212819,3.778328598414737,0.0009801994843710966,0.06458100558659219,2019-07
ZOLL,824071404.0905993,0.9663515764978112,0.00045274748665090066,0.01826243006439358,2012-04
GNMK,822538709.4119473,1.0630065435663894,0.0004444051541334194,0.0024834437086092187,2021-04
DIGE,821159964.9865893,0.7196039037443508,0.000604820113745428,0.016443656295341013,2007-07
HOME,819094748.4216716,1.0229057720391554,0.0002486893641124645,0.00188984881209504,2021-07
VRC,815134885.8780334,4.6170790037341165,0.001873360563040846,0.02144061671886294,2005-03
PEGI,814916878.5445576,1.5840806679740604,0.0014160007546246132,0.04400715563506263,2020-03
SVU,809420738.9549178,1.328925963859685,0.00025227002413413726,0.00030759766225770565,2018-10
DEN,808355343.0514615,15.720415384708868,0.0006711998506655786,0.014560409025230658,2023-11
RBK,808204913.2642053,0.9724044210028822,0.00016464117297893712,0.0003389830508475106,2006-01
DCP,804372085.6890829,8.286180658413397,0.0004602828157660455,0.014650283553875175,2023-06
WRI,800586172.4124583,72.18807764839146,0.0011096976340901202,0.04196859903381634,2021-08
MGP,796202921.8528081,1.1565379864014096,0.0009168508076944558,0.012307692307692382,2022-04
OZON,795958326.0991997,2.2296102723940465,0.00651664780319721,0.5991471215351812,2022-02
CLC,795745091.5483481,1.380185233122087,8.696690575308311e-05,0.0,2017-02
SLW,794726798.1866605,1.1848775963765936,0.0013933663541769487,0.01134751773049638,2017-05
MTSL,787418684.4055023,0.08696738494197362,0.012576482474279468,0.6203389830508476,2021-07
HCT,786011499.0207325,1.6317380212768982,0.0008422830979603972,0.008327024981075034,2015-01
NFS,783091332.090655,1.3078801973778338,0.00058989227252135,0.0,2008-12
HSNI,782452526.1594788,10.55803490056505,0.0013613811254781043,0.08493771234428087,2017-12
RIMM,780977441.1209165,0.7067956674884069,0.0018633663833400554,0.031065088757396445,2013-02
IACI,775697635.4755818,1.8090214440163228,0.0013050200952128364,0.15179916317991632,2016-01
RADS,771734840.9032205,0.9102343105826151,0.0005240714428362461,0.03079584775086495,2011-08
AGU,765247570.7281855,1.0608481910474419,0.0009170459242236582,0.023188652000339795,2017-12
JUNO,754937215.5175797,1.6625322755836547,9.759502720901502e-05,0.0004597701149426006,2018-03
CMD,748458839.2973943,91.7038178164769,0.0008039648560761389,0.01627906976744184,2021-06
CSOD,748412374.3143796,2.7406024682118857,0.00016817423417680996,0.001562500000000059,2021-10
CYBX,746775922.1750971,3.997698942689062,0.0015257129051207676,0.0031316725978647523,2015-10
TOT,746273346.2799226,1.7316160710706787,0.0008355986236147837,0.014285714285714344,2021-06
APL,745379995.6992148,0.9997102128747105,0.001376564074810076,0.06657323055360892,2015-02
UBNT,734610518.3378987,1.1438804917149867,0.002088258141098309,0.15463996330836258,2019-08
ACOM,732942822.4642498,2.464267445009478,0.000241004113277829,0.0006240249609983158,2012-12
HC,730796135.7696581,1.7077384214868907,0.00354660758917693,0.05819125277983692,2007-08
SIE,727992017.5778844,0.8882276646277666,0.0006467544236136377,0.0009184845005740333,2008-02
TTM,722534431.5845629,3.6177185950943493,0.0020115839033341574,0.04550713459313535,2023-01
CCMP,721037384.4986072,10.251405977806126,0.0005440736526732184,0.004413619167717587,2022-07
ECOL,718523884.4783212,1.6483689649955071,0.0001607437125164005,0.0006246096189881561,2022-04
PPO,716831598.8619356,7.185055232208523,0.00019139223199142268,0.002967359050445099,2015-08
IMDC,714545053.235303,0.7220737928866752,0.0013059261864176207,0.004624153134745592,2006-03
SGMS,711387534.0189803,0.7450609231934449,0.0019343717536669824,0.09548286604361374,2022-04
JEC,711285244.3075193,1.1466988353677732,0.0007733979615494402,0.0763933720680008,2019-12
AVX,707877944.2391336,1.3311139215502903,0.0014429145718034928,0.007101947308132765,2020-03
FNSR,706292130.8984362,3.7067012782156836,0.001323785531541317,0.05374203821656057,2019-09
PALM,698779190.6321576,1.0192374586051152,0.0005957194836137803,0.003502626970227596,2010-06
HRC,696238699.0466774,1.4352412275071018,9.591966618634608e-05,0.0005126890540885932,2021-12
HUG,695950370.5782095,0.8686447106694766,0.00039108388393404057,0.018999366687777044,2006-03
ESTE,694298047.6797867,2.1142561250597938,0.0016523748535163252,0.0809018567639258,2023-10
PEIX,692629710.0527439,0.8220560787084391,0.004072300164935224,0.1628197130380537,2021-01
LOGM,687238816.0828189,1.6955097142822333,0.00010042671443572006,0.0002323960027887058,2020-08
WMGI,686410666.7120895,0.9723498013126942,0.000587387574379313,0.026024723487312856,2020-11
CCC,683295751.8904592,2.40374030840534,0.0013266956315482728,0.07421625079974409,2021-01
ESL,680421684.6110375,6.4684203089675965,0.00016439595927895715,8.163265306126626e-05,2019-03
LQ,679685958.9146568,1.3139115328437971,0.0007113377237289319,0.004139834406623729,2018-05
UFS,679566655.9690514,4.315574963394284,0.000650175116845153,0.0016213294901818826,2021-11
GW,679347703.4881295,0.5387371005373179,0.014987385281096326,0.4842767295597485,2008-12
ACAS,674803135.5075743,14.338874705755257,0.0006207670180425421,0.0027700831024931143,2017-01
TBL,674707496.5774299,2.4780981275099996,0.00015335782500285218,0.00023250406882115813,2011-09
DFT,674628772.6340876,7.032877358251408,0.0009870974942371373,0.04029462738301549,2017-09
MEE,672571026.1018724,4.678282335210421,0.0030034087061112267,0.03668621259960926,2011-06
FCB,671812211.1223694,2.551333554583676,0.0013915563020577702,0.17000247096614765,2018-12
ULTI,670887721.9357785,1.5222000319756335,6.653512605611906e-05,0.00015087052291726672,2019-05
OZRK,670821641.5860487,7.3655581136785155,0.0014522385428249918,0.12494696648281715,2018-07
ACS,667568865.804,4.236647919907463,0.0007437184322230506,0.058462989156058555,2010-02
ACAM,665754495.4058864,1.7082930105085434,0.003294396711805674,0.04,2021-01
GMH,663544850.6938833,1.7118226567864157,0.0011215771269669679,0.038358388454600024,2003-12
MERQ,663130667.2641275,1.402173399796929,0.0016151825447368528,0.03743718592964811,2005-08
AMMD,660566735.1370541,5.447750284606403,0.00017605805322816118,0.0,2011-06
NXTM,658259898.3008417,6.3794550010593705,0.00039617035616636067,0.0,2019-02
APU,655302945.6537913,2.2327735410203933,0.0011510259813779225,0.09064412707665412,2019-08
BWP,651548611.411377,0.2059944558468191,0.00033784353322972724,0.0016570008285003788,2018-07
TIN,649677972.4518962,2.8879050337657635,0.00018599286427971039,0.0,2012-02
AVNR,648362994.8863133,0.7697160448654534,0.0002595538647173344,0.0017657445556208114,2015-01
VPHM,646992930.7706033,2.283749994738238,0.00014191207847540183,0.0006999300069993739,2014-01
TRCO,645032252.0187399,1.557354154189144,0.00010313093148050899,0.00032137118371720555,2019-09
ZNT,644618832.7265966,1.620725356540609,0.0002373349289597529,0.0002630194634404291,2010-05
ENDP,642486594.5328184,0.8051457013766685,0.008246252138800746,0.7161276223776224,2022-08
MINI,641273333.7943692,10.761847585601133,0.0029996295229286454,0.24274070300560363,2020-06
MIK,640970287.2331417,1.885643553996607,0.00027992884460001285,0.003628117913832283,2021-04
AXE,639519359.8299772,2.5041028671630152,0.0008704880980397608,0.01360201511335007,2020-06
IRF,639031576.1686997,5.78411063737843,0.0001413232421459403,0.00024993751562104504,2015-01
CWEI,638192422.6922289,4.276175902829255,0.0011641632680488207,0.04156568994639052,2017-04
GSX,638170711.1563103,0.7591665857005389,0.0027117103595505343,0.16256157635467974,2021-05
GRA,638001099.8379672,4.369659412649231,0.00014577568136193056,0.002849408747684896,2021-09
AMLN,634763219.2837399,0.777405007752333,0.00015258355842839708,0.0006447453255963757,2012-08
RTI,634096921.0089246,3.753071464394587,0.0027461870274272044,0.156454491374182,2015-07
MNT,633786465.8086858,0.31523854992528816,0.00023737819856816625,0.0,2009-01
SEPR,633439370.7853606,0.3806302672362339,0.0002487407711001873,0.003036876355748385,2009-10
EPAY,632468695.2460873,4.200262514497069,0.00024142391428508346,0.00017546938059317626,2022-05
COWN,628517137.4609557,5.30761626614265,0.00014923335217344183,0.0017916560020476142,2023-02
MBT,628405173.6681948,5.517272398773027,0.003523755030437641,0.3468414779499404,2022-02
ATK,628220884.7686869,2.49621328261865,0.0017225724446853219,0.00583463782553005,2015-02
TOY,626646880.865315,1.1129416365793736,0.00035393601832208805,0.000373831775700993,2005-07
LIFC,625913642.4419836,0.6723977321171078,0.00019645724802796265,0.0,2008-05
NAV,624799872.3027745,1.823106035068667,0.00013417802914708057,0.0002246686137946082,2021-06
FCE.A,624049861.136589,1.2601715509888434,0.00015297986843916303,0.0,2018-12
CRZO,620968907.2988273,2.23257128981972,0.001937274161266337,0.050420168067226885,2019-12
PRX,619763789.9376786,1.3615100639138795,0.00013160749923919017,0.0004000000000000625,2012-09
KTWO,618415519.3549953,3.1102685428242216,0.0010002135672741888,0.007220216606498169,2018-11
DST,618042895.5431256,1.522431159688508,0.00020809907237704612,0.0,2018-04
MHP,617606949.5828753,0.9636201714063208,0.0005265535549248869,0.009513552324537804,2013-05
ATCO,614233480.636057,2.0141520906790458,0.0002695631324388338,0.0012894906511927513,2023-03
SCAI,614090754.9400908,0.6112623900547418,0.0002498343081107539,0.020683610867659942,2017-03
SPF,611966536.743153,1.869677240691413,0.0015382712248571695,0.1229418221734357,2015-09
OCAS,610206127.616656,1.6709765062987267,0.0004948479524775332,0.002493200362647313,2007-08
HIB,610183933.9137427,0.17175546464470168,0.0007192711447237093,0.014244091939138922,2005-11
ROH,609995933.3699346,6.564577383974665,9.260714722569599e-05,0.00012664640324203276,2009-04
EXAM,607657309.5913326,2.0750153997063108,0.00021991875061559254,0.0045428733674047865,2016-07
SFG,607094972.9787986,13.710901431962233,6.24526609244792e-05,0.0,2016-03
HBC,606929534.4287595,0.9525190539669934,0.0006820058559136809,0.029360056258790464,2013-11
NLC,606645329.8111639,1.3623507172779483,0.0006841236540935316,0.013492871690427727,2011-12
GLDN,606009208.0352807,0.5941693069145352,0.0004143081431376892,0.0007611798287345224,2008-02
QLGC,605673308.7989483,2.164499515770923,0.0006054939892603233,0.00433705080545231,2016-08
CCXI,604575923.5268878,1.522360348602921,0.00013247244806331268,0.0,2022-10
HLS,603271906.7545236,0.5326118388192249,0.0008623739258371639,0.019253672092100157,2017-12
CIIC,602847606.1543492,0.8606746420785995,0.005369259936383594,0.21572212065813534,2021-03
OVTI,600537050.2345674,1.7395334127773374,0.0006625561375269385,0.0017001020061203913,2016-01
DCT,598860716.4781358,1.1630831724246873,0.0002343616743278183,0.0010520778537613427,2023-03
WNR,596857677.5655769,41.6657660703283,0.000770648982024324,0.007677543186180454,2017-06
GNCM.A,596262046.845843,39.154251174030925,0.0016496403912422237,0.06746741630462562,2018-03
HEP,594217289.7947118,9.807264252904622,0.0014816409100400535,0.07764811490125675,2023-11
JOYG,593760215.8481882,2.6834438881692733,0.0013441484888381727,0.03711672942442176,2011-12
URS,593390830.7350265,1.5637538120009713,0.0007485582519184532,0.08295652173913048,2014-10
CNVR,591815369.060808,19.115502896009428,0.0006145306918663221,0.015142857142857175,2014-12
ANN,590413191.0857315,5.734615187219099,0.00041086348612797736,0.027940220922677044,2015-08
CBSS,583700177.0455421,28.863119927203893,0.0010647522030851548,0.024687641125997296,2007-09
TSG,582778397.4897826,1.7090265190038891,0.0028646936382883533,0.08164308846088289,2020-05
AF,581166757.1340522,6.075671841873065,0.0009299457153666909,0.017351598173515937,2017-09
SSS,580823369.5368015,1.205528700710994,0.0011979499537529083,0.10423547697687978,2016-08
WBMD,580372702.411704,2.1286834405847697,9.990493748334117e-05,0.0007514277126542135,2017-09
PAH,578210210.9415118,2.3362743409163205,0.0014766435258321475,0.052276559865092685,2019-01
HMHC,575784625.4874121,5.177189346104755,0.0014065264111825645,0.029411764705882377,2022-04
RYL,572452325.9265958,1.7259107236331475,0.001297186033392576,0.12282211228221124,2015-09
DFG,571201769.7720333,4.7671743025964,0.00017483193844916212,0.0008777704630239005,2012-05
GLYT,567461172.8018602,0.6821846285628181,0.00022655069448498016,0.004379562043795638,2008-01
STO,566633857.0589807,0.845732469128133,0.000737936107937888,0.009127418765972983,2018-05
VIVO,565481217.219646,7.6567492955627765,0.00027748250339297185,0.0,2023-01
NCR,565216727.2525678,1.8247956428664336,0.0016970635346142764,0.07629427792915526,2023-10
REGI,563202590.9307936,1.4845018478714684,0.00021430342580658373,0.0017851346965270924,2022-06
SC,561358042.6814853,6.405243325389862,0.0006373399680433519,0.01513360132419013,2022-01
ZLC,556651611.1706043,5.491843029646959,0.001172300293544075,0.07604395604395606,2014-05
ROLL,556579402.819289,1.222267890372351,0.0024203753171835917,0.1814537886379403,2022-09
CPX,555273825.1762936,4.555404621414724,0.0017631953903430515,0.002478656017626092,2012-02
DICE,554877478.2409368,4.87480610955561,0.0005374942704543381,0.007507820646506766,2023-08
FCH,552177964.7787666,0.9598472101939892,0.0010907185473669463,0.016064257028112466,2017-08
GMT,550427487.0577967,2.367888086287674,0.0012500911162778648,0.11153768438068302,2016-06
PPS,546976039.2361931,1.7106205817429938,0.001087431632244692,0.04283821581039321,2016-11
ARTC,544711933.9666847,0.852748524603551,0.0002615708636426807,0.0004113533525297413,2014-05
KOG,540838943.3233649,2.9792720220990807,0.002874069521771362,0.11709286675639302,2014-12
RDC,529098263.63584596,9.031953982470693,0.002178203402814823,0.06592465753424653,2019-04
SLH,527158273.18830913,3.5697022909662177,0.0001064395960151488,0.00017905102954338424,2016-03
JDAS,525496811.50796545,0.647621033813032,0.00016673636103443944,0.003541389995573187,2012-12
CIR,523965833.44276243,4.3282407567640435,0.0012947032729078984,0.0,2023-10
CLNY,523313338.540511,1.3703956176334495,0.001807078770487265,0.05814622913068518,2021-06
CRDN,519085539.52784324,2.4296306712227413,0.0002797040032868206,0.001426533523537722,2012-11
LGF,515458844.66334015,2.9174699147503365,0.0010142572865267515,0.0005708848715507903,2016-12
EMS,513529115.2958871,2.7212571892397075,0.0001169267692967551,0.00015624999999996891,2011-05
EGOV,513090551.3026957,4.566897042503636,0.00021545909899243226,0.0016155088852988608,2021-04
SWFT,511571923.3921701,2.0894627442271405,0.0011115848711205551,0.008083529808016235,2017-09
ACTT,511000152.8394151,0.27023174421469565,0.003958133986059222,0.029151943462897532,2020-06
CSE,510834278.25852567,8.100418718312504,0.0009009658677818253,0.02395964691046652,2014-04
HYH,510172608.3863249,1.249245810890192,0.0010457530056921444,0.06682966585167076,2018-06
DGI,509963524.0324873,39.17309696345423,0.0008336090969180245,0.019886363636363716,2017-10
LIZ,508608303.71065414,1.0070309542740752,0.0019005007263822285,0.07341411261582319,2012-05
GNA,502975701.1206458,0.6073597161050227,0.00048603111312480244,0.0018165304268846117,2010-08
FRG,502183819.517336,2.6081630157200166,0.0005970007242760606,0.0010010010010009203,2023-08
LNCR,494762118.1376913,0.6629312920528628,0.0001315480296417732,0.0007225433526011834,2012-08
MLHR,488997824.01103485,0.7423931978383596,0.0014248414518931531,0.046779328924810105,2021-10
SNSS,487416721.14515805,17.736454304895464,0.010189425507060871,0.30935251798561153,2021-02
CODE,487096806.9619736,1.7671060256989808,0.0011298427086842407,0.0,2015-03
RFP,485742766.13567,14.387997560393691,0.0008745474643491029,0.03648351648351641,2023-02
BDK,485459430.55040973,2.0720247881162854,0.0006800865302372023,0.029245901639344315,2010-03
LAF,484596332.805102,0.6453353513086679,0.00018221509382740844,0.0008184262831755803,2006-05
REY,483923943.23550326,0.8235052971250872,0.0002526359725857685,0.0009997500624843577,2006-10
RADI,483804896.4280123,7.153127177629884,0.0004830543452025057,0.0006662225183211051,2023-09
CVA,482801966.72061974,2.21742277423935,0.00019232744219453604,0.0009871668311946262,2021-11
HHR,479590939.56024885,7.123095395375947,0.007220399126378598,0.7467571343045301,2022-02
CTIC,475055183.0845203,3.7913653119729123,0.00043205680498351257,0.0010989010989010755,2023-06
CYMI,472439600.3324356,0.6392941499530599,0.0007742989815398443,0.009470181725108774,2013-05
CFL,471791894.3304968,6.2941186805043134,0.0012985603444905015,0.018885306310456016,2010-05
MW,466325847.62390757,1.3552697735406285,0.0024261102431988248,0.07176709546377784,2016-01
GBT,465178146.4388754,0.932059679188592,6.537197266532627e-05,0.0001459854014599287,2022-10
EDO,463046785.3208562,1.5402863848450825,0.0004382548430763571,0.00017857142857139304,2007-12
IDC,460387802.5117616,2.376321787575153,0.0018364783346794056,0.00029542097488915835,2010-07
BSTE,460211119.00830054,1.6726969486274543,0.00018565270479783177,0.0015113893986829384,2007-06
NRF,459948548.637262,2.492052148050456,0.0010997039512679288,0.01760777170613231,2017-01
HPT,459591100.87701446,2.0782626301959004,0.0006696329544317632,0.016342412451361796,2019-09
AW,458440738.80252147,3.20209912979698,0.0024734226172106965,0.05382436260623232,2008-12
TEP,457890676.4773339,3.5009108538917384,0.001469526589607678,0.07232704402515729,2018-06
PSSI,455535907.1132515,4.129438902794109,0.00020291606980300778,0.0010348395998619382,2013-02
BIN,453550579.7852778,2.8451182867249933,0.002357514548643048,0.1594594594594594,2016-05
ASBC,451440445.64787066,1.206308634026915,0.0008768401467994224,0.03610675039246456,2014-12
SGR,449707755.362763,1.3002279805052446,0.0013538514436409967,0.002738892270237258,2009-08
THOR,448201426.94321173,1.4603775679112494,0.0009620334713039885,0.043068261787473645,2020-01
GOV,448070390.7571429,3.2719062228537115,0.0022880821528591085,0.22808988764044946,2018-12
FSH,444024848.5861613,3.166110851121539,0.0007451622151760319,0.038072776280323455,2006-11
STD,442845085.64467746,0.8996854656354488,0.0019548842426884414,0.05736434108527133,2012-06
ATW,440607123.8676816,4.3274780760667895,0.001999296613124863,0.04654731457800512,2017-10
CVTX,437281292.82379264,0.7505758113379897,0.0002803542938833565,0.0009995002498752186,2009-04
NYB,436939247.0052907,0.6334040081219916,0.00138688760469446,0.09745762711864413,2012-11
NOVL,436697157.25710833,2.202478018688281,0.0007647732357177032,0.001639344262295047,2011-04
MWK,436107740.85123676,0.881567886431943,0.005000338643715508,0.2791319857312723,2021-04
HUB.B,433454495.7748083,1.9716933643005952,0.0012269220733408224,0.0,2015-12
LPNT,432351586.5568509,1.5426523441173885,0.00010128536499323373,0.00015384615384623256,2018-11
UNS,431731119.28797334,4.997236763119341,0.00013310464613456286,0.0019756338491933576,2014-08
CXP,430935792.0350779,0.6545346493055909,0.0027743771589342197,0.0005184033177811307,2021-12
TRQ,430171787.30015415,6.768100404036891,0.0004395130746024099,0.009128108278249895,2022-12
AHS,428016440.8566467,0.781706950840204,0.000984190979015764,0.05378199597354053,2016-10
BAY,427194525.8289196,1.1068462999129498,0.0010139495658828953,0.03275295263606475,2007-09
GRT,426020908.07401997,5.374588813642737,0.00047753063563245893,0.007067137809187254,2015-01
JOSB,425950249.8764924,2.8642829502901326,8.869531578544035e-05,0.00015382248884794825,2014-06
MSP,425802258.847238,1.2441694431223227,0.0004078166699381962,0.003382187147688767,2022-06
COG,423879723.1892512,1.2521056586039188,0.0017547267572298273,0.0040196516301920435,2021-10
BOBE,423257087.9123886,0.8880088534707564,0.0003928743868752091,0.021844043688087362,2018-01
AMI,422871188.7371662,2.2401896000146166,0.000862826509614105,0.014292094685127302,2004-06
HRP,422426272.9099487,0.720709980398128,0.0019486694975789003,0.13043478260869562,2010-06
MACR,417220921.3448871,22.29382895395518,0.0013337882324503194,0.018906281764586294,2005-12
PIXR,416920334.5249543,4.766005532694306,0.0007531253883236942,0.0057615600531836396,2006-05
PLT,414293180.2246634,1.7618488223790494,0.004141183201467237,0.24119047619047618,2021-05
MRH,411817170.8924001,6.991689891056498,0.0008224075310679,0.010677808727948023,2015-07
GPT,411815893.8974107,2.306175594669633,0.00014587454577713883,0.0007272727272727117,2018-10
CTRP,411710962.67016214,1.2041735158237157,0.001172853204100224,0.008515469770082237,2019-11
MAFB,410861870.3462193,1.4281195440205017,0.001763769168626898,0.00866678959985246,2007-08
KING,410536625.29487675,0.3562515780402402,0.00022121181430520342,0.0005555555555556424,2016-02
DBRN,410087165.53098714,0.7227347990893608,0.0010163266424240754,0.022920517560073975,2010-12
JAG,409963668.4541203,7.626877672866457,0.0013898009446626808,0.08222222222222225,2020-01
TLM,409012978.6925768,3.3645008439238544,0.00036976466088209966,0.0,2015-05
MANT,406911936.11746144,11.917613323489464,9.056150723022684e-05,0.0003124023742580562,2022-09
PPD,406069037.0379423,1.6533276756676711,0.0003245676144082947,0.0004210526315790132,2021-12
PAS,403807923.3813784,2.8878608862459623,0.0006803550339768765,0.005642217059409166,2010-02
CBF,403311802.43146163,1.9662607363342768,0.001019200172998743,0.028037383177569996,2017-11
ZGNX,402189527.14830214,3.4545378469634582,0.0006408482447771045,0.0078066914498140265,2022-03
HB,401605490.4223546,3.9853583226978326,0.0008765189975779053,0.11142061281337047,2008-03
AMRI,399999846.1746114,1.2937893107807412,0.0002431682007477838,0.0018365472910928694,2017-08
CPN,398504833.8818037,1.5003190279846204,0.00020327439136084958,0.0,2018-03
WGR,398466295.61860996,0.8182545873547572,0.0002447466220334397,0.0001639344262294756,2006-08
QSFT,395606935.4389663,0.7107441391585085,0.0006666183820963418,0.02675469075747045,2012-09
MVSN,395315925.38551205,1.7908874956643903,0.001339130576480711,0.006211180124223544,2009-07
CLGX,394807972.5795484,7.81871809878204,0.00024947466344775644,0.00037495313085865684,2021-06
CLDR,393378623.3307397,6.172442498178027,0.0002692459970708106,0.0,2021-10
ANAT,391290385.2379467,1.5503618447684635,0.0003327208193822963,0.0016813787305590226,2022-05
SMOD,388106895.4636361,1.2245631572313536,0.0007155666011986833,0.0021574973031283254,2011-08
MCRS,387883183.0901501,1.7362187721061841,7.347422575368833e-05,0.00029407440082355877,2014-09
SHU,387119357.12059766,5.362766096402948,0.0007731449276177383,0.03741125068268699,2006-08
WX,387020351.3046479,2.652573093084289,0.00023584043027019157,0.0002177226213803181,2015-12
CDN,385347047.0042603,1.1834806726936216,0.0013868842616988864,0.054373522458628934,2005-10
HLYW,385082068.1461386,0.29031009217581993,0.0011938126431252246,0.011940298507462697,2005-04
STOR,384368766.76538193,6.76275242847534,0.0002670170146245802,0.0009302325581395702,2023-02
FII,380847380.4898076,1.1938204419707468,0.0011093581793954607,0.014149659863945663,2020-01
AAI,379079905.7642106,32.61565838413366,0.000785402263480025,0.01587301587301577,2011-05
AFSI,378538608.35852027,17.541542056281557,0.0009980777132829507,0.002028397565922878,2018-11
SRX,377011757.452035,1.741652383439235,0.00020879565210073177,0.0,2011-07
CPG,376159981.13865644,0.8912115649907637,0.0013154467977524924,0.059145673603505027,2024-05
TCN,374929436.87392634,1.6369030795211643,0.000259190392180827,0.00088888888888887,2024-05
BARE,373643438.6117255,0.7045408320032386,0.0003045395691180849,0.002741228070175283,2010-03
FRX,372873585.59368956,2.5831916816387124,0.002032400308469521,0.027313493681206755,2021-06
RRD,371720237.51116407,0.7547283129950592,0.001217517239957713,0.028673835125448053,2022-02
DW,370897456.3189607,0.892827161119844,0.001033187654621793,0.05191377034755834,2016-12
PMCS,370147770.1492642,0.903902319267446,0.000857881557992423,0.004273504273504183,2016-01
TTN,368800798.57672924,0.816190038046711,0.0013295346237693418,0.00043290043290050055,2005-07
ORB,368733859.3686047,5.925199404325411,0.001652596258445255,0.024473147518694845,2015-02
SRP,368023449.8026031,0.8798452972758004,0.003314265802511688,0.08102564102564094,2008-11
SPEX,363099746.0579255,3.4879862844095983,0.02105260937352079,0.7119565217391305,2020-03
HSKA,362903051.62340796,0.9073404188435109,7.996148116487315e-05,0.0002083072949215155,2023-06
NTT,360141430.58432525,1.2217189520430383,0.0005223201357771218,0.04460303300624442,2017-03
DXO,359950827.5557065,1.4402618184430847,0.0030680719731706625,0.04385964912280686,2009-09
ENN,358517151.5851852,3.5344231123832532,0.0003665735312019777,0.0038893690579083775,2007-10
PVTL,357880954.83611524,1.2034932805996073,0.0005988401109610865,0.0019960079840318935,2019-12
AMRS,356658639.2591081,2.612248930452892,0.017160908214727235,0.9434782608695652,2023-08
OFC,355835359.51404166,1.2864786721158816,0.0010000056114058532,0.05135032331685043,2023-09
WPO,353915918.2414577,0.5897879285942565,0.0016114061675835758,0.01171857461424477,2013-11
QEP,353356370.31005865,2.6805486062584367,0.003469360309586858,0.1497382198952881,2021-03
SHLL,353024352.65238243,0.194994163560714,0.0035328342734161034,0.12084709539537593,2020-10
LOCK,352441293.4880883,0.7514711041623957,0.00019067191017598645,0.0004164931278634553,2017-02
TCP,351960056.96090907,0.5501606622613869,0.0011056445673039742,0.004897159647404459,2021-03
SNIC,351575057.74994,3.568370419876994,0.0008234086185481259,0.04777704047777045,2011-02
CS,351283933.13928413,1.0813337232740716,0.00187748068623312,0.0032154340836013013,2023-06
USCR,349583855.8611772,1.4267087029920882,0.000565947793599539,0.0,2021-08
IOC,349222931.51702225,0.8302758389001061,0.0007048594512259531,0.007551020408163213,2017-02
GLUU,349001660.9899806,1.3140039338958438,0.0003066380247095144,0.0,2021-04
BEAV,346942443.7683751,0.9328670917584728,0.00029428460984107246,0.01059256984955477,2017-04
SINA,345543599.9303894,2.4541586804562687,0.0007642004681592834,0.0043698252069916685,2021-03
SFLY,343839736.5412545,1.9928471566740402,0.00013245061180079885,0.0005882352941176693,2019-09
RE,343772961.55625427,1.8111984806583814,0.0015067783141833658,0.011203062545741199,2023-07
CPHD,340673578.69646263,2.066162279444943,0.00029798060982305554,0.0,2016-11
NZ,339440363.25353223,1.356307120296223,0.00021790278279863512,0.00037037037037042825,2010-11
DEL,337019025.554107,4.900621026853855,0.0018477791161959304,0.0588771787596271,2018-02
SYKE,336596018.9083762,2.447577709454979,0.00030309734187177915,0.00018515089798181838,2021-08
MMR,335524334.8534311,47.649145419393484,0.0006861305041455415,0.004753416518122299,2013-06
SWIR,335108108.0462177,1.0238916002742284,0.0009112376901227797,0.00032258064516134074,2023-01
SIR,334782181.26081437,2.0494183274774778,0.007631603889081934,0.6371590324240864,2018-12
FORG,334174633.2430284,7.366526749297113,0.0017293328240734758,0.0002153779883695458,2023-08
NBG,332415466.97450817,4.050633972198454,0.012382762456138561,0.8129069767441861,2015-11
AMGP,330313185.82494795,3.417772650382229,0.0016319238474119852,0.027152831652443865,2019-03
ESC,329523959.38881123,2.784941212998166,0.0009696690303629841,0.03298307063631044,2014-07
N,328704937.0318687,0.7590340544385268,0.005325013515937968,0.004566627089231894,2016-11
CVH,327787811.08960354,5.994217145091163,0.0004696460731940207,0.007739630879142698,2013-05
BGO,327188552.9298433,1.1328484471346028,0.0028554762001075156,0.07692307692307693,2007-02
ONNN,325752064.2243044,0.2549691440477682,0.0017402868983997213,0.009329940627650505,2015-04
CLP,323413646.97055846,28.343235126319982,0.0008688392113846445,0.013638363396392376,2013-10
IMPV,322066712.36983544,1.619986308424328,0.00018556795874470896,0.00035868005738873786,2019-01
KKD,321370611.69848526,1.0825395885977318,0.00020384952067791317,0.0004759638267492414,2016-07
ECHO,320963753.0693462,0.8662888404469626,0.00018110117585641325,0.0004142502071251683,2021-11
SOA,320687108.93289906,20.65275850795777,0.000617871467201625,0.007843137254902047,2012-07
CYS,318741749.1110095,6.5131904097311715,0.001150881930440937,0.04031209362808849,2018-07
WLP,318223836.1610298,1.3804266110780694,0.0006069562118360518,0.0005435626650100418,2014-12
SCR,315233486.0357627,0.675647328302438,0.0011713000464390602,0.015793848711554453,2021-10
FEIC,314898024.8485506,0.8301176113576156,0.00018526706857843736,0.0027987685418415635,2016-09
SRZ,313444587.1735132,0.3182469990807471,0.001234347170128927,0.0006896551724137784,2013-01
MOLX,312029729.2639481,0.9951089018079388,0.00016579836106810354,0.0005167958656331557,2013-12
BMET,311886466.630604,0.6607317000062002,0.00022581229438905245,0.0034669555796315622,2007-09
BWLD,311750503.30437785,4.580916780061817,0.00011286971843959938,0.0006367398917543632,2018-02
CARB,310327429.2445874,2.9426096085115416,0.00021130064550050788,0.0013037809647979634,2019-12
CVT,307375592.0001557,2.4769006202766697,0.00035081093735360116,0.001172332942555661,2023-06
VIP,307334329.60304445,0.9443811308129809,0.001519383166671261,0.040189125295508464,2017-03
PVG,306212054.8227458,10.090163457981184,0.001782119757565379,0.03130990415335465,2022-03
WGOV,304761185.6015444,2.3735802775567416,0.0013048572695747735,0.14732824427480914,2011-01
HCCI,303639595.1584211,1.9450461455231651,0.00014116583479566592,0.00021968365553614048,2023-10
SNWL,303482383.0121883,0.29203690514642183,0.0009336660276015228,0.02787162162162163,2010-07
FIRE,302170524.6713837,2.9209847204647366,8.153328351773085e-05,0.0,2013-10
MAKO,300887128.55049574,1.1878150996425847,0.00025257553944140523,0.0006664445184939395,2013-12
GEOI,300715061.1985761,5.437163150343249,0.0012228102684219719,0.09673061334774381,2012-07
JOBS,299694740.54516137,1.7030782435043623,0.00019187258902760343,0.004248366013071979,2022-05
TBA,298974337.89626074,0.6156905433510961,0.002085606054776861,0.00896860986547082,2021-06
QADA,298958045.192403,7.218926572568956,0.0002678817626858974,0.0007969941933279424,2021-11
TMK,297258779.2376721,1.0081172483972045,0.0009608309429216214,0.03388529444017988,2019-08
TCK,295128948.5378593,0.6105309152479114,0.0015325897059426362,0.0015723270440252634,2016-12
TRY,292758734.7370507,64.43295143819947,0.0055335535292753415,0.255663430420712,2008-09
TGH,291671631.3069918,3.1192109731578292,0.0003122462748352893,0.00793808295296683,2024-03
PCR,291140099.10162187,0.5717247049527844,0.002983501654215323,0.130892255892256,2009-05
WDR,290879254.2313689,3.7868061267896755,0.00022676066282478023,0.008330027766759255,2021-04
ALOG,289682849.8084717,1.5279467651520768,0.0002883139522274405,0.0,2018-06
TVL,287963919.41827255,4.239032916544956,0.0020147339522131147,0.21179624664879354,2013-07
MOT,285796858.6541763,2.4182144717548497,0.001052609656451709,0.010834236186348824,2011-01
CDR,284840284.2990529,1.7996816373608264,0.006157378814389484,0.006849315068493127,2022-08
OMX,284303415.8848816,7.308239256879168,0.001954348577316735,0.04500000000000004,2013-11
SYMC,283819343.77839816,1.5380623231181287,0.0007852813562296939,0.0062499999999999405,2019-11
BOFI,282016904.82884693,1.0660862874558652,0.001121316144290308,0.08525469168900804,2018-09
DNEX,281722397.42764336,11.983276516369719,0.00015412475183243632,0.0013482767337995836,2011-05
MFN,281042499.6652417,0.5383923279995689,0.0015754812207252656,0.12025316455696204,2012-03
TA,280851827.4530229,4.301519601966191,0.000262310723411411,0.005895953757225493,2023-05
BEV,280154301.05697536,0.8847490611358899,0.0005277256290758877,0.0008079999999999643,2006-03
GBP,279417042.56407005,3.1783744415529047,0.0003721810160235405,0.0009155413138017658,2005-09
REN,279013752.895373,3.3082019179581996,0.0016775809792775893,0.07037593984962405,2019-02
OA,278509130.2166511,5.982085133780707,0.00014668639423105485,7.434391495049368e-05,2018-06
ORH,277743238.77184105,2.0670656816765454,0.00032995041531824385,0.012760139753911643,2009-10
DP,276871560.44070673,1.982820074546596,0.00020427239596466085,0.0005127328661767413,2006-07
RDK,276702442.12195283,0.7017693912440822,0.0008891810825426609,0.0595684803001876,2012-03
TGC,276583922.1272036,1.0593036989453053,0.015061689550945254,0.5149911816578483,2021-02
ABAX,273546290.49631727,1.114031256596714,0.00020546201157276513,0.004318618042226481,2018-07
POLY,272976138.509169,0.7570353927734617,0.00016028364723423197,0.0020050125313282783,2022-08
ATRS,272634467.1026724,0.5710690853486118,0.0006299691666451228,0.0017857142857142477,2022-05
BEXP,271502320.7762726,1.9941168360950885,0.0001369485005252306,0.0016411378555799309,2011-12
GA,269869818.6386052,3.2361945201089566,0.0003269261365816361,0.0,2014-07
TASR,266840424.08420208,20.55485914345763,0.0025018631158824876,0.08050847457627128,2017-04
FRAC,266387864.6257811,2.7775757875834195,0.002290910315973355,0.25691056910569104,2019-10
MATK,266272189.79939935,0.37765436182301193,0.00016999673500907642,0.0034810126582279425,2011-02
IBKC,265861714.9986377,30.21203262941546,0.0021994984599786153,0.07371379161262423,2020-07
ABD,265757053.58513907,3.99177168756538,0.00187220773385406,0.1918335901386749,2012-04
TRH,265636340.48701817,16.518677926426083,0.00047017332907168445,0.0017965049812183479,2012-03
KNL,265477542.45010114,1.2379389767628854,0.001151662950159966,0.06386175807663408,2021-07
JOY,263391776.3882233,6.026775954004189,0.00014943049887347393,0.0005298481102083016,2017-04
CEC,262140767.3932602,0.7770391708463559,0.00013028129186891429,0.0037002775208139823,2014-02
WBSN,262098172.12471217,3.539569641822381,0.00031529730863705084,0.006019261637239251,2013-06
ARRS,261743141.3310954,5.376592587378955,0.00017265737169994507,0.0022102936532996617,2019-04
SAPE,261594626.8052806,10.840440093819597,0.000227850048006197,0.0007999999999999829,2015-02
DPM,259619766.9752933,0.5541360174906593,0.0015592167538352132,0.04786021777665233,2017-01
NBL,259035724.87180027,0.8949146144091835,0.0020497302135246277,0.010563380281690125,2020-10
PRVL,258686336.32752112,6.209205569670058,0.0009142241990696832,0.023404255319148966,2021-01
EBIO,258680386.81082162,0.6346742129337799,0.0062035697251170445,0.07142857142857142,2018-05
EEQ,258354498.17654747,4.70609921582752,0.001536901275733808,0.06914893617021271,2018-12
CSG,257364821.9743178,2.815792979572256,0.0013618376787681353,0.01651842439644217,2015-12
RCII,256646998.8765066,1.1250968500999587,0.00334932212412991,0.13004334778259416,2023-02
MPEL,255565757.23314515,0.7371286982404132,0.0008859431331256971,0.008355091383812019,2017-04
EFII,254306460.0913588,0.932970805778935,0.00012901230247615148,0.0008108108108108416,2019-07
PLCM,252773976.6484025,1.226625150557814,0.000333976881886276,0.006374501992031878,2016-09
WIND,251218279.95390826,0.5190173313191221,0.0005001009521236891,0.003463203463203543,2009-07
EXL,250349153.16385692,1.1122902527034009,0.00027716636970687657,0.0006309148264984093,2015-07
PEET,249498310.1763374,1.0150167247882713,0.00011280229076165612,0.0,2012-10
CHSI,249284020.86312327,10.749801718440185,0.0015090357369137563,0.048551695701474155,2012-07
MCL,249120277.7407349,1.5563220934625084,0.001794199669531578,0.0039154267815191025,2003-05
PHCC,247875870.004263,4.582227618990105,0.0006272679936505237,0.018927444794952775,2005-10
ABS,247591612.6592179,13.267563075435952,0.0003489144809982079,0.0034951456310679556,2006-06
APTI,246460662.90629798,1.8498507335111498,0.0005221943361223268,0.010937500000000044,2019-01
EBIX,246380351.63671666,3.24162422420827,0.011020333575383059,0.7996575342465754,2023-12
MKTG,245461575.48765203,2.2987180885306917,0.00019638495230128465,0.0018477457501846696,2014-02
NVL,245319181.22866666,1.6938145039496966,0.00027767750687894045,0.002222222222222254,2007-05
VRS,243401155.98413926,1.5637619639022227,0.00026307436961957385,0.00037037037037042825,2022-03
THX,241595847.5601783,1.3468321155394134,0.0006600659614696,0.03131557707828902,2007-06
CFNL,241501475.35576037,11.595952251719472,0.001474822356898928,0.035904255319148884,2017-04
UCR,241461426.3875345,1.663836638054376,0.0005298418117620216,0.00025006251562903513,2008-06
IRC,241332606.650537,4.870767785782631,0.0003071151915195576,0.0014130946773434356,2016-03
BEL,240908740.15203995,3.6157218741285497,0.0005470285104264248,0.019215686274509744,2019-04
HANS,240572389.06493503,0.7997866775020951,0.0009563435727264516,0.014407131011608629,2012-01
ABF,240084348.51684642,3.65557642106132,0.0008019779636779965,0.01781833985223816,2003-08
CCE,239502996.53190735,1.5299315613724944,0.0005877857755341941,0.0036255065045852357,2018-11
AOT,239066368.91975138,12.62710661339715,0.0010567223493806645,0.0005986231667164329,2004-08
MCRN,238481074.8861066,1.8081157279549742,0.0005056897705655697,0.024390243902438918,2019-11
CAVM,237469273.6843636,5.3083113066258525,0.0007457381615672793,0.007251381215469561,2018-07
STAR,236041847.93068013,1.520590955159754,0.002182676641853662,0.0,2023-03
SRR,234934425.43772405,2.9439833976896512,0.0004689573122190493,0.0009751340809362811,2007-08
BHI,232458376.22513062,1.3831079649766982,0.002017131187468201,0.001700680272108747,2017-07
JCOM,232197173.70672125,1.230272105257609,0.0012693874358420845,0.00307498776993499,2021-10
BER,231869749.14583334,0.8830523117074556,0.0007870115393055979,0.04169538249483118,2008-04
DDR,231345883.1670268,2.538563484336503,0.0011225058784695829,0.11226380140792878,2018-10
EGL,231315278.1857864,12.74933928513875,0.0019257675554557238,0.02316213494461221,2019-01
KRA,230536779.22492397,2.026034765286123,0.0002623348755756844,0.0021459227467811462,2022-03
PDLI,230376581.381553,4.094621183112065,0.0054592982681600025,0.13000000000000003,2020-12
SNR,230086260.00408986,6.972770045282567,0.001031915613402003,0.028540065861690427,2021-09
SVR,229578118.52903438,1.3734090333195006,0.00020141564432137228,0.0012894906511927513,2011-01
AGAM,228325871.22944227,0.6194892942342046,0.0005267268354227243,0.006100422336930972,2010-11
SCMP,228121049.87461567,0.9243397046403123,0.0008035492316015904,0.0027624309392265583,2018-02
VLP,227829100.71630788,2.167381389685701,0.0001640430028712024,0.001654064272211727,2019-01
SP,227570622.27147895,4.463628062199857,0.001029251026265339,0.00018518518518514834,2024-05
BDSI,227563694.50525814,1.0705411931797995,0.0006971668225838945,0.0017825311942960204,2022-03
ZIXI,227065754.32937172,5.226659471472341,0.0005480585354530023,0.011655011655011614,2021-12
CLDA,226957638.09132516,1.7970044578830757,0.0005677204995131132,0.002252977148374647,2011-04
SHFL,226344114.82705268,2.648260976268868,0.0002658665226497554,0.0025806451612902675,2013-11
ICPT,225507305.31995046,2.070040315739297,0.000230191559344133,0.0010515247108306822,2023-11
OATS,224884293.03974998,3.510544669125996,0.003316069528046322,0.0021528525296016766,2007-08
XOXO,224780003.06257838,3.214968207770082,0.00032725782510548937,0.0014261266400457575,2018-12
PETC,224572267.45445377,1.105817034944843,0.000762744392070514,0.02916526986255439,2006-10
CCF,224049283.09637427,1.4534784064658572,0.0002614409996997523,0.0,2023-11
ABFS,223729990.68547112,1.1882691137074868,0.002559469733907895,0.009554940910233909,2014-04
CNST,223245486.73007748,2.269329515792361,0.00019235435224960586,0.000294117647058765,2021-07
CVG,222766833.06212518,2.617864486066035,0.0009842939889270865,0.002452984464431818,2018-10
NAVG,221780535.40734926,4.223421237316965,0.00014041980099312737,0.0008566533409480621,2019-05
VARI,220817926.6700091,1.4306052897430592,0.0004135974680527999,0.00019230769230765404,2010-05
CRAY,219658063.64078927,2.4501705069009967,0.0001488984605007326,0.0,2019-09
NS,218887837.55492896,12.752585287247413,0.001395895248585358,0.031746031746031696,2024-05
PVX,218642425.4966392,0.6960832360112127,0.0009921871708962644,0.012345679012345708,2012-03
LG,216627924.3476902,1.5785599502358612,0.0008430378009541181,0.06916215821026471,2016-04
MRD,215074933.69227755,1.3965645806907665,0.0013546257256345105,0.09815950920245407,2016-09
TSC,215051606.8436794,3.858606477929183,0.0017912050372542382,0.03502682234143272,2022-05
CK,214624383.1456,22.64641086836791,0.0011030191122466055,0.008080808080808029,2005-07
FINL,214017138.93806425,2.5135408298235022,0.0004286868413527082,0.015306122448979654,2018-06
COBZ,213673775.4765701,6.032490806638241,0.0006282975580168967,0.05732484076433127,2018-09
AMAG,213518255.4219472,1.4812230098208072,0.0006948492486401883,0.0,2020-11
RAVN,213387154.09046504,4.676177695855762,0.00048197010504632366,0.009897610921501676,2021-11
MWV,213180847.4721215,3.778105249732793,0.0008926174922549657,0.004926108374384277,2015-07
BPFH,210696675.15465614,0.9541156564960359,0.001338886287682659,0.09006785934608272,2021-06
PVR,210065580.98320052,2.594171013972547,0.0011219582992477149,0.024875621890547237,2014-03
NTI,209928228.75801018,2.3725471052706593,0.0008918977405345517,0.0288461538461538,2016-06
DCN,209537390.5146636,2.902124418048692,0.01395576222322088,0.6482412060301508,2006-03
OAC,209138618.87651375,1.0404157617253527,0.004592221643860229,0.11057434245840037,2021-01
SEAS,208101733.98339388,1.1903956004843377,0.0011962474392547672,0.0012905787749430127,2024-02
TIVO,208000659.10631618,4.006796252565123,0.0032005108760235464,0.16912751677852345,2020-05
GNC,207725253.58661264,1.492143826467045,0.013123865716514235,0.6139240506329114,2020-06
ATMI,207659687.64287654,1.417594077973469,0.00021818028277282295,0.0029342723004695255,2014-04
UBNK,207003649.33323085,10.38056288794316,0.0010336957017359387,0.04537815126050425,2019-10
SPNC,206500613.15817612,1.0532414560286756,0.0004233800786115438,0.0012970168612191223,2017-08
ARS,205253662.65178573,1.740292774086379,0.00018185749873538508,0.0003809523809524405,2006-12
HRG,204966480.9186484,3.3358985232234852,0.0011696451159130482,0.05700211118930334,2018-07
RD,204774635.38474828,0.28441518599170174,0.0005454043603405105,0.026437330785156817,2005-11
NRE,203938535.32552174,3.0876101671784983,0.0002639069725319265,0.0011737089201877685,2019-09
GGL,203314843.49110517,3.4136415796937687,0.0004443870658002371,0.00039062500000006106,2008-02
PGNX,202770349.4266791,18.129050236811988,0.003951393995483058,0.10351966873706003,2020-06
RUTH,202400177.1017595,1.144185671756498,0.0001755299011393086,0.0,2023-06
APSG,201943951.76338112,0.2756712935917628,0.005257047668277549,0.21314741035856563,2022-05
YRK,201668248.18456498,4.998386234580975,0.00022558457908728675,0.00017699115044244267,2005-12
JCP,201598290.09634918,7.149349483892799,0.013404567146575378,0.39766839378238344,2020-05
GY,201168353.50548795,0.4709850736903202,0.0011723373604683727,0.11111111111111102,2015-04
DAI,200206258.2870892,1.5641788193121582,0.001473864404959062,0.0720156555772994,2010-06
FOE,199527082.15238744,3.995551355998997,0.0002467301641664401,0.0,2022-04
CSII,199202110.14168984,0.8149053957922355,0.0002535159088580208,0.0,2023-04
SBIB,197890426.96018913,6.166765476868801,0.0012706544851490583,0.08571428571428578,2011-07
SYNT,197707175.96864587,1.7235115040384896,0.00013861188190994377,0.00024378352023415688,2018-10
NEOS,197596588.75263673,14.635595333176568,0.009332150402433985,0.462686567164179,2021-03
CLHB,197267376.71128607,0.8604280897995453,0.002286265616277552,0.07918204182041828,2008-12
BGCP,197051891.9447523,1.2974237008794374,0.001593092209929553,0.0959183673469389,2023-06
WGL,196953260.03091484,1.5339593241987646,8.51598535543624e-05,0.0006758278891642518,2018-07
IIVI,196908815.44449615,2.544177823072528,0.006714098608848437,0.0653028463232418,2023-06
CCH,195100396.5912233,2.017178850611093,0.0033862132344909665,0.0,2020-08
IBC,194987991.80861822,3.278821095361718,0.010566999679738282,0.7385398981324278,2004-09
APR,194664748.45166606,1.6419248151171182,0.0002614543566091168,0.0010652463382156898,2022-03
EK,194396194.0424378,1.1080861192341915,0.02291812091020029,0.0,2012-01
AHO,194337208.55614972,0.7835031938428088,0.0011248234617680835,0.013440860215053835,2007-09
MDP,194119997.5317778,11.80456912580029,0.00020570452161683576,0.0,2021-12
MTCN,193679118.93431374,80.94191647756678,0.005271454876528282,0.0786065207682001,2023-05
CFX,193598219.81064275,3.59446782388016,0.0013944021122826405,0.04894083272461646,2022-04
LQI,193448046.686743,0.709974148532992,0.0005737181871311835,0.0,2006-01
ZRAN,193400468.77110407,3.1887792427370716,0.0017421082549315522,0.020310633213859015,2011-08
SGNT,192121426.4771906,1.0458063586575554,0.00029223007221973566,0.004574565416285355,2016-08
MDMD,191943164.57325193,0.8022977614144833,0.003330504696074073,0.0036330608537692233,2011-07
ALJ,191845395.427622,1.4720469847209756,0.0013571445049714772,0.046528274874731594,2017-06
WEB,190924355.87640494,3.7260426894975813,0.0002226219528578286,0.0035599857600570103,2018-10
WMI,190871718.56112674,0.8708462176766402,0.0006926491201047261,0.0017513134851138603,2009-08
RTL,190482084.12339297,1.8762875629363713,0.0017360315967660963,0.001959503592423327,2023-09
SJR,190212790.05130497,6.285975154203171,0.00023848857274663324,0.0,2023-04
OMN,190106127.027427,1.881546620074303,0.0021457495633743964,0.0009852216748768262,2020-03
CATM,189930401.29614046,0.8756723271686084,0.0001687193868607039,0.0025575447570332843,2021-06
SHLO,189173354.82896212,1.2056351980880156,0.015490839668540795,0.6129032258064516,2020-09
ENI,188958179.0854794,0.8816251873348897,0.0009606321328037047,0.03573931324456901,2016-04
KMG,188024379.4645307,2.836839565926618,0.0005687097789428947,0.004445606694560714,2018-11
NDN,187901174.6126865,3.1720212976742026,0.00022923113800884512,0.00045413260672107225,2012-01
DQE,187701596.53758729,2.55760068926641,0.0003372451975638619,0.0019762845849801954,2007-05
LSCP,187254104.68917483,0.8523913782552526,0.0005715038305462631,0.002896684905053101,2006-07
SFTW,186722455.1348022,1.7412914935361998,0.003793321392847363,0.006751054852320681,2021-09
KTC,186483849.99459064,0.7266525113737257,0.0009757899687806213,0.05399325084364459,2009-12
HAWK,185305859.7078677,0.5303886498929552,0.0004117064564941368,0.0,2018-06
AXA,185154596.76626232,1.255835282864973,0.0010435536069937918,0.04133333333333332,2010-03
AH,184943060.31995797,8.222250135041184,0.0033854954946929863,0.07297605473204091,2014-03
TSRA,184847142.23221424,1.5971540933694184,0.0026339762747418895,0.12854030501089322,2017-02
ATN,182702099.90805364,0.7736064947922171,0.0015703439142032817,0.0036291652919828252,2009-09
UHCO,182624601.8001966,0.7104204573794092,0.0019344287406279912,0.05584158415841585,2007-11
NHY,181814547.41767168,0.9331666244777109,0.002519510941511345,0.19020715630885118,2007-11
DSCP,181142591.8406123,1.1327597801118239,0.0004230962423616772,0.0009425070688029625,2009-01
LDL,180291979.1557397,1.420876161047958,0.0003128893937821951,0.006559999999999945,2021-09
SODA,179462504.2716388,0.2534054223819332,0.0002298223608517073,0.0015288394718554472,2018-12
FCS,178757477.6828736,1.684855112298818,0.0003040580978865492,0.0025000000000000356,2016-09
CKEC,177827495.37642685,1.508061731918059,0.0010830869204871707,0.0235294117647058,2016-12
TALX,177581153.85165632,3.425733287973684,0.001004673100859806,0.027160493827160546,2007-05
LMCA,177387581.97061667,2.9147830391965623,0.0018487056841321487,0.07640380484811297,2017-01
NSTG,177154338.1097196,1.6223818626749806,0.0242557999853115,0.8071271124173403,2024-02
CCX,176917656.80382225,1.5289128215827745,0.002305712498963994,0.0851063829787234,2021-06
CZZ,175842188.87796178,4.964068294927255,0.002456259799256289,0.018384131591678884,2021-03
AKS,174316123.59760946,2.006302231234662,0.004582147800808888,0.37448559670781895,2020-03
CGX,173321827.662,2.2829221909040602,0.0008210593535486324,0.04731119600352628,2014-01
WPPG.Y,173124813.04269716,0.9105727858575239,0.001073942077711867,0.030654420206658872,2017-11
LMNX,172993678.253013,1.8345580142349502,0.00021376053128260478,0.0002701972439880576,2021-07
XON,172907045.52105814,0.9279510259429068,0.003085670940856905,0.36712328767123287,2020-01
ITG,172897205.11633793,2.1047490976694982,0.00024218903174607023,0.0016485328058027419,2019-02
BT,172786068.69848266,1.7906545373511642,0.0012722762875685672,0.01491146318732527,2019-09
AMHC,172745632.60079312,1.7169701682709062,0.01255924784336153,0.2273622047244095,2021-09
FTE,172402394.3861292,0.6177144461932941,0.00130514274617067,0.08073929961089496,2013-06
CD,172380016.2995665,7.889967846127719,0.0008373566581073995,0.007536231884057914,2023-12
MPS,172081488.65345243,2.344732060673681,0.0003648295163849221,0.0007246376811595335,2010-01
UTIW,171934415.94368568,1.0902755245727018,0.0006295437664607653,0.0,2016-01
AMJ,171172512.75183335,1.3563530599677542,0.000696519921265796,0.023488773747841096,2024-05
DWT,170866998.9981532,1.0692181256138675,0.0017267374352904436,0.01535380507343127,2020-04
DLPH,170667278.0917775,23.698230747175536,0.0011489573946672276,0.022105875509017017,2020-10
BWS,170448146.50052556,1.7628483611850092,0.001459653729555362,0.014930015552099437,2015-05
AHM,169703129.87502438,0.49192690609091716,0.02535798677084214,0.8921832884097035,2007-08
MIC,168915673.71429417,0.453217641995985,0.006958169499265524,0.026128266033254233,2022-07
ESIO,168904513.83909953,22.34378288022265,0.0001941593520493418,0.0,2019-02
FUSE,168547121.11453944,1.6748219085310976,0.0029280567611728644,0.09973521624007067,2021-09
BLC,168082144.7824757,0.6596217082614994,0.0003739447987656823,0.0007267441860464961,2013-12
PPDI,167974800.84776977,13.738603490588027,0.0001623903672677344,0.0003007518796991883,2011-12
PEAK,167948921.10153845,2.359605725837193,0.000958463241298945,0.0017513134851136944,2024-03
MDG,167094194.83046764,0.6427117771503496,0.0028223126870879204,0.07431551499348113,2007-12
BFR,166498151.07733333,1.38730429650137,0.0021819740472303127,0.04159445407279018,2019-06
CKH,165960732.81042632,0.6098237894236166,0.0009598126516055109,0.0057498802108289886,2021-04
LFB,165538226.31284913,1.674118984463812,0.0003137676318236283,0.002822580645161302,2007-04
CBPO,164867809.4396104,2.3305577516513227,0.000999653995194572,0.0004997917534360873,2021-04
SONC,164261139.52358663,8.478990156227043,0.00012009632941163359,0.0006894966674328003,2018-12
SSW,164176131.5051276,2.220192970986722,0.0017980631404893987,0.2350157728706625,2020-02
CUM,164025929.0008905,0.6552219938434222,0.0010484275730698357,0.02201524132091446,2003-12
FIT,163293591.76798704,0.6872659876024048,0.0014080248682513115,0.00555555555555556,2021-01
CLCT,162979655.05029374,1.9041574775850612,0.00038794693181969537,0.003036876355748385,2021-02
BBV,162495978.28085732,0.9098406392645753,0.0011128470065398354,0.09382967873533911,2009-12
ACTC,161918635.48476443,1.532971866052934,0.003089054198147294,0.09203980099502494,2021-06
BRG,161608453.83653182,12.77679496374213,0.0005826888740256787,0.01147723065531293,2022-10
ANT,161225643.7433022,2.1262010326946252,0.00025619416906110974,0.0003603603603604167,2006-06
SFI,160901401.38178468,2.3608283954724625,0.0010713739290842358,0.0,2013-12
BBG,160899571.91166043,1.5523701423367018,0.002130337423136064,0.011190233977619474,2018-03
DIAN,160724445.3070184,0.4350904204352252,0.0003672656983143243,0.004584293193717233,2003-01
TSAI,160495044.59761122,1.2110780107252144,0.0008107899023494032,0.06961483594864473,2007-07
SWC,159883457.70101342,0.7196457119988204,0.00023775141087018897,0.0005555555555556424,2017-05
VASC,159732937.879119,3.6475508349083037,0.0003322967591021573,0.0017825311942959254,2017-02
DMND,158896481.18932942,0.7212973748817648,0.001070645793221479,0.0,2016-02
AEC,157964912.19815147,2.2916331758118824,0.00014885771471954165,0.0003477051460362157,2015-08
BID,157473502.59409183,15.079135743171008,9.571343546969726e-05,0.00035081564637775864,2019-10
RG,157437992.87179485,0.8194660012966855,0.0008471100123861188,0.005324074074074166,2007-06
CALD,157196033.31354716,2.085901442891613,0.0003912066444271544,0.0,2018-04
CPWM,157134195.4004496,1.7738940999956005,0.00032346207009128434,0.004526935264825777,2012-06
ALU,156029814.1597428,1.437644002014018,0.002757735076602198,0.019830028328611853,2016-02
FMBI,155816796.97672212,2.6803012431426354,0.0011250203064498638,0.018063918480778166,2022-02
BRP,154550957.61319876,1.8697008475676475,0.0031053000030274577,0.01448400724200374,2024-05
KAMN,154515183.440344,1.691188199135471,0.0005263500768058316,0.00021739130434778284,2024-04
CRA,154336134.70845982,0.5273304114409848,0.0007440472955160332,0.026634382566586033,2011-05
WBST,154315128.15742892,1.5867429097576011,0.0023868273782627503,0.06973420977422135,2002-10
CJ,154160565.10673007,2.6425650946499677,0.0026605164274080377,0.3217866909753874,2019-10
CMH,153385640.73592192,0.04697899383431698,0.000582607809653176,0.0015999999999999658,2003-08
RXN,153256815.8015732,2.1368614558611836,0.0009375326717908917,0.008699633699633596,2021-10
RHB,153247659.01733455,2.2542775991161044,0.0006487697982341691,0.013648293963254675,2011-05
HYC,151566098.1317647,3.5765683714342216,0.0038958079694801817,0.08936170212765955,2011-08
REP,151163010.98114106,0.7938035224965665,0.0007092624271829793,0.012979351032448311,2011-03
MESG,150835506.34384614,4.322829207173956,0.0003128410494610792,0.0004000000000000625,2016-08
EXAC,150118838.92661133,8.0071692358013,0.0008091279080727054,0.01990049751243781,2018-02
ELT,150077086.86506394,0.6300574171188916,0.00029724864720624195,0.0004866180048662561,2012-08
GHL,149566013.3935587,1.3468632708160635,0.000634864870862497,0.0006662225183211051,2023-11
WXS,148964275.18295085,0.81708163952546,0.0009690407452355132,0.03467987804878054,2013-04
ATML,148748633.3521079,2.462062106111599,0.00045704248634445153,0.0012269938650306487,2016-04
CFBX,148503916.75199768,1.7406628576496936,0.00038189859655062827,0.0012399256044637059,2004-10
TKTM,146720325.16038823,1.3449555556726818,0.002513457909199076,0.0467762326169406,2010-01
HWD,146683474.3526754,0.5544448079318933,0.0010804720467416722,0.029982363315696738,2013-03
ERUS,146673330.61334145,1.6215993859374378,0.011058870763741353,0.5659623072529983,2022-03
NTRI,146289064.6256132,1.6505802251660575,0.00033414134527099174,0.01220635651773379,2019-03
BMRG,146149436.50591943,0.3594100924472556,0.0016715531683228718,0.01818181818181812,2020-11
MTOR,145038814.90176168,1.8282301265440348,8.722386459580183e-05,0.0,2022-08
NIHD,143826272.87381178,1.4386627206887208,0.003825835628773654,0.018099547511312233,2019-12
